Date,Open,Close,High,Low,Volume,Open_hfq,Close_hfq,High_hfq,Low_hfq,Open_qfq,Close_qfq,High_qfq,Low_qfq
2013-09-18,40.5,42.24,46.4,39.88,388897.0,,,,,,,,
2013-09-23,41.9,46.2,46.46,40.67,318516.0,,,,,,,,
2013-09-24,45.49,44.61,46.15,44.4,200045.0,,,,,,,,
2013-09-25,44.01,45.05,47.14,44.0,171651.0,,,,,,,,
2013-09-26,44.65,43.0,45.07,42.45,146808.0,,,,,,,,
2013-09-27,43.0,43.0,44.3,42.67,85614.0,,,,,,,,
2013-09-30,42.99,43.24,43.8,42.88,76682.0,,,,,,,,
2013-10-08,43.0,44.99,45.21,42.9,111129.0,,,,,,,,
2013-10-09,44.65,44.68,45.54,44.0,83054.0,,,,,,,,
2013-10-10,44.5,45.71,46.36,44.14,156256.0,,,,,,,,
2013-10-11,46.0,45.53,46.05,45.25,79697.0,,,,,,,,
2013-10-14,45.52,46.0,46.33,44.6,96467.0,,,,,,,,
2013-10-15,46.0,45.15,46.0,44.85,92419.0,,,,,,,,
2013-10-16,44.76,44.67,45.88,43.7,89183.0,,,,,,,,
2013-10-17,44.68,44.61,45.1,44.22,55526.0,,,,,,,,
2013-10-18,44.52,46.01,46.8,44.3,104209.0,,,,,,,,
2013-10-21,46.2,47.85,48.1,45.68,135658.0,,,,,,,,
2013-10-22,47.4,47.42,48.31,46.88,82147.0,,,,,,,,
2013-10-23,47.47,46.09,48.43,45.9,87290.0,,,,,,,,
2013-10-24,46.0,47.5,49.6,45.84,122184.0,,,,,,,,
2013-10-25,47.43,47.7,48.85,47.11,102336.0,,,,,,,,
2013-10-28,47.97,49.47,49.5,47.5,104467.0,,,,,,,,
2013-10-29,49.1,48.93,49.68,48.01,96525.0,,,,,,,,
2013-10-30,49.01,50.17,50.66,48.65,121285.0,,,,,,,,
2013-10-31,50.68,48.4,50.8,47.93,100732.0,,,,,,,,
2013-11-01,47.79,47.76,48.79,47.33,72057.0,,,,,,,,
2013-11-04,47.6,47.99,48.5,47.6,49622.0,,,,,,,,
2013-11-05,47.52,48.19,48.41,47.08,54750.0,,,,,,,,
2013-11-06,47.98,46.75,48.23,46.21,60251.0,,,,,,,,
2013-11-07,46.52,46.22,46.93,45.16,62056.0,,,,,,,,
2013-11-08,45.8,45.66,46.2,45.33,33411.0,,,,,,,,
2013-11-11,45.69,45.78,46.0,44.61,35809.0,,,,,,,,
2013-11-12,45.88,46.35,47.02,45.5,64729.0,,,,,,,,
2013-11-13,45.86,45.5,46.34,45.5,30484.0,,,,,,,,
2013-11-14,45.55,46.0,46.32,44.67,54360.0,,,,,,,,
2013-11-15,45.87,46.2,47.06,45.61,64215.0,,,,,,,,
2013-11-18,46.35,46.89,47.08,46.1,49830.0,,,,,,,,
2013-11-19,46.88,46.97,47.5,46.51,53161.0,,,,,,,,
2013-11-20,47.48,46.68,47.48,46.41,41726.0,,,,,,,,
2013-11-21,46.7,45.71,46.7,45.05,66029.0,,,,,,,,
2013-11-22,45.85,46.58,46.85,45.66,44288.0,,,,,,,,
2013-11-25,45.83,45.96,46.31,45.58,63202.0,,,,,,,,
2013-11-26,45.91,47.19,47.2,45.7,78583.0,,,,,,,,
2013-11-27,47.2,46.59,47.29,46.25,54173.0,,,,,,,,
2013-11-28,46.6,47.67,47.97,46.6,72379.0,,,,,,,,
2013-11-29,47.52,47.91,48.0,47.28,51259.0,,,,,,,,
2013-12-02,47.02,46.13,47.19,46.03,65133.0,,,,,,,,
2013-12-03,46.0,47.02,47.09,46.0,56068.0,,,,,,,,
2013-12-04,47.0,47.94,48.4,46.8,57260.0,,,,,,,,
2013-12-05,48.06,48.54,48.88,47.89,54737.0,,,,,,,,
2013-12-06,48.59,48.4,48.63,47.73,38443.0,,,,,,,,
2013-12-09,48.45,48.49,48.97,47.95,47076.0,,,,,,,,
2013-12-10,48.8,49.68,50.47,48.8,108138.0,,,,,,,,
2013-12-11,49.45,48.38,50.0,47.84,62952.0,,,,,,,,
2013-12-12,48.2,49.31,49.49,47.68,45684.0,,,,,,,,
2013-12-13,48.51,50.15,50.9,48.42,109874.0,,,,,,,,
2013-12-16,50.14,49.91,51.5,49.8,95774.0,,,,,,,,
2013-12-17,49.96,49.0,50.1,48.92,64058.0,,,,,,,,
2013-12-18,48.98,50.49,50.5,48.5,64061.0,,,,,,,,
2013-12-19,50.75,49.89,51.38,49.89,63464.0,,,,,,,,
2013-12-20,49.6,51.78,52.0,49.41,203682.0,,,,,,,,
2013-12-23,51.2,50.35,51.7,50.01,70541.0,,,,,,,,
2013-12-24,50.8,50.81,51.17,49.77,65759.0,,,,,,,,
2013-12-25,51.0,50.4,51.12,50.14,42624.0,,,,,,,,
2013-12-26,50.16,48.45,50.2,47.58,105909.0,,,,,,,,
2013-12-27,48.0,49.78,50.3,47.82,74526.0,,,,,,,,
2013-12-30,49.78,49.5,50.54,49.41,43800.0,,,,,,,,
2013-12-31,49.41,50.0,50.1,48.26,59859.0,,,,,,,,
2014-01-02,49.4,48.92,49.82,48.6,39462.0,,,,,,,,
2014-01-03,48.4,48.07,48.8,47.11,75845.0,,,,,,,,
2014-01-06,47.88,46.61,47.98,46.36,59925.0,,,,,,,,
2014-01-07,46.2,46.46,47.18,46.2,34409.0,,,,,,,,
2014-01-13,46.0,46.5,48.5,45.8,73946.0,,,,,,,,
2014-01-14,46.5,48.01,48.06,46.33,50115.0,,,,,,,,
2014-01-15,47.7,48.4,49.05,47.51,43067.0,,,,,,,,
2014-01-16,48.39,48.32,49.04,47.81,42451.0,,,,,,,,
2014-01-17,48.05,46.9,48.32,46.67,40190.0,,,,,,,,
2014-01-20,46.89,47.51,47.84,46.51,38168.0,,,,,,,,
2014-01-21,47.5,47.0,47.8,46.78,43355.0,,,,,,,,
2014-01-22,47.05,47.76,47.97,46.85,43178.0,,,,,,,,
2014-01-23,47.73,48.38,49.13,47.32,55000.0,,,,,,,,
2014-01-24,48.38,48.61,49.26,47.8,50366.0,,,,,,,,
2014-01-27,48.31,47.36,48.35,47.15,54222.0,,,,,,,,
2014-01-28,47.83,47.91,48.28,47.3,37089.0,,,,,,,,
2014-01-29,48.25,47.79,48.37,47.5,40069.0,,,,,,,,
2014-01-30,47.88,46.86,47.9,46.51,54555.0,,,,,,,,
2014-02-07,46.41,45.71,46.41,44.9,92332.0,,,,,,,,
2014-02-10,45.69,46.55,47.0,45.4,70580.0,,,,,,,,
2014-02-11,46.52,45.95,46.52,45.5,66580.0,,,,,,,,
2014-02-12,46.0,46.75,47.19,45.66,63704.0,,,,,,,,
2014-02-13,46.81,46.15,46.81,45.7,68569.0,,,,,,,,
2014-02-14,45.89,46.29,46.53,45.81,39653.0,,,,,,,,
2014-02-17,46.35,46.5,46.58,46.0,56502.0,,,,,,,,
2014-02-18,46.39,45.99,46.39,45.66,41225.0,,,,,,,,
2014-02-19,46.0,46.08,46.38,45.5,43870.0,,,,,,,,
2014-02-20,46.06,44.91,46.17,44.7,84851.0,,,,,,,,
2014-02-21,44.95,44.7,45.25,44.48,47925.0,,,,,,,,
2014-02-24,44.5,41.92,44.6,40.3,136223.0,,,,,,,,
2014-02-25,41.8,40.34,41.8,40.28,152013.0,,,,,,,,
2014-02-26,40.09,39.26,40.19,39.0,114312.0,,,,,,,,
2014-02-27,39.43,38.16,39.59,37.74,140958.0,,,,,,,,
2014-02-28,38.2,38.94,38.95,37.78,79789.0,,,,,,,,
2014-03-03,38.5,39.92,40.3,38.5,65239.0,,,,,,,,
2014-03-04,39.59,38.88,39.59,38.45,58296.0,,,,,,,,
2014-03-05,39.0,38.8,39.6,38.55,44450.0,,,,,,,,
2014-03-06,38.8,40.65,41.01,38.61,116626.0,,,,,,,,
2014-03-07,40.69,40.49,41.34,40.32,55135.0,,,,,,,,
2014-03-10,40.0,40.64,41.9,39.75,102743.0,,,,,,,,
2014-03-11,41.05,41.76,42.66,41.05,108795.0,,,,,,,,
2014-03-12,42.25,42.07,42.45,41.36,64092.0,,,,,,,,
2014-03-13,42.13,41.8,42.36,41.35,48878.0,,,,,,,,
2014-03-14,41.77,41.8,42.28,41.01,42505.0,,,,,,,,
2014-03-17,41.9,43.0,43.05,41.43,75809.0,,,,,,,,
2014-03-18,43.69,42.11,43.8,42.07,71977.0,,,,,,,,
2014-03-19,41.88,41.04,42.0,40.5,52737.0,,,,,,,,
2014-03-20,41.04,39.79,41.65,39.55,74253.0,,,,,,,,
2014-03-21,39.79,40.85,41.05,39.78,42796.0,,,,,,,,
2014-03-24,40.57,41.16,41.36,40.33,41982.0,,,,,,,,
2014-03-25,40.98,41.44,42.04,40.7,40067.0,,,,,,,,
2014-03-26,41.41,42.28,42.5,41.41,41386.0,,,,,,,,
2014-03-27,42.28,42.12,42.44,41.75,40380.0,,,,,,,,
2014-03-28,42.21,42.85,43.5,42.21,78610.0,,,,,,,,
2014-03-31,47.14,45.08,47.14,44.79,323946.0,,,,,,,,
2014-04-01,45.08,47.02,47.43,44.29,242924.0,,,,,,,,
2014-04-02,47.16,46.31,47.85,46.2,165363.0,,,,,,,,
2014-04-03,46.5,46.1,47.47,45.36,173079.0,,,,,,,,
2014-04-04,45.68,46.01,46.36,45.03,121390.0,,,,,,,,
2014-04-08,45.9,46.75,47.01,45.42,154527.0,,,,,,,,
2014-04-09,47.0,46.84,47.44,46.52,130119.0,,,,,,,,
2014-04-10,47.02,46.59,47.05,46.02,137331.0,,,,,,,,
2014-04-11,46.69,47.9,48.26,46.61,212348.0,,,,,,,,
2014-04-14,47.75,47.34,47.95,47.11,106481.0,,,,,,,,
2014-04-15,47.46,45.9,47.46,45.8,128488.0,,,,,,,,
2014-04-16,45.6,46.16,46.18,45.6,66535.0,,,,,,,,
2014-04-17,46.21,46.34,46.86,46.2,61636.0,,,,,,,,
2014-04-18,46.1,46.7,46.85,45.7,54637.0,,,,,,,,
2014-04-21,46.2,46.0,46.65,45.89,67800.0,,,,,,,,
2014-04-22,45.9,45.15,46.16,44.13,115518.0,,,,,,,,
2014-04-23,45.81,46.09,46.9,45.72,103496.0,,,,,,,,
2014-04-24,45.99,47.17,47.27,45.52,116680.0,,,,,,,,
2014-04-25,47.39,47.01,47.57,46.75,92572.0,,,,,,,,
2014-04-28,47.0,46.44,47.23,44.99,95543.0,,,,,,,,
2014-04-29,46.7,46.99,47.89,45.89,188982.0,,,,,,,,
2014-04-30,17.88,17.27,17.89,17.14,272666.0,,,,,,,,
2014-05-05,17.23,17.55,17.69,16.81,217532.0,,,,,,,,
2014-05-06,17.4,17.15,17.6,17.05,163111.0,,,,,,,,
2014-05-07,17.05,16.7,17.06,16.68,196783.0,,,,,,,,
2014-05-08,16.68,16.84,17.2,16.51,181813.0,,,,,,,,
2014-05-09,16.8,17.13,17.19,16.67,157840.0,,,,,,,,
2014-05-13,17.34,17.2,17.6,17.12,174185.0,,,,,,,,
2014-05-14,17.15,17.28,17.41,17.04,113120.0,,,,,,,,
2014-05-15,17.11,17.01,17.21,16.93,147271.0,,,,,,,,
2014-05-16,16.95,17.1,17.15,16.91,77555.0,,,,,,,,
2014-05-19,16.8,16.61,16.95,16.51,136319.0,,,,,,,,
2014-05-20,16.75,16.59,16.98,16.42,101904.0,,,,,,,,
2014-05-21,16.47,16.57,16.64,16.31,80266.0,,,,,,,,
2014-05-22,16.58,16.76,16.98,16.54,131246.0,,,,,,,,
2014-05-23,16.72,16.9,16.98,16.71,63678.0,,,,,,,,
2014-05-26,16.99,17.0,17.21,16.82,110551.0,,,,,,,,
2014-05-27,17.03,16.94,17.13,16.91,87700.0,,,,,,,,
2014-05-28,16.94,17.33,17.41,16.8,182776.0,,,,,,,,
2014-05-29,17.26,17.32,17.59,17.26,138250.0,,,,,,,,
2014-05-30,17.33,17.42,17.55,17.32,109160.0,,,,,,,,
2014-06-03,17.47,17.63,17.85,17.46,119902.0,,,,,,,,
2014-06-04,17.66,17.32,17.69,17.2,92684.0,,,,,,,,
2014-06-05,17.31,17.49,17.59,17.19,88469.0,,,,,,,,
2014-06-06,17.48,17.5,17.68,17.39,77654.0,,,,,,,,
2014-06-09,17.66,17.57,17.85,17.38,111458.0,,,,,,,,
2014-06-10,17.62,18.26,18.37,17.62,330650.0,,,,,,,,
2014-06-11,18.2,18.34,18.41,18.03,192357.0,,,,,,,,
2014-06-12,18.3,18.43,18.56,18.12,189731.0,,,,,,,,
2014-06-13,18.5,19.07,19.29,18.5,294829.0,,,,,,,,
2014-06-16,19.08,19.09,19.27,18.88,223839.0,,,,,,,,
2014-06-17,19.09,18.53,19.09,18.45,220297.0,,,,,,,,
2014-06-18,18.5,18.33,18.65,18.21,127940.0,,,,,,,,
2014-06-19,18.33,18.48,18.54,18.07,151632.0,,,,,,,,
2014-06-20,18.4,18.37,18.5,18.21,143348.0,,,,,,,,
2014-06-23,18.43,18.0,18.47,17.98,188465.0,,,,,,,,
2014-06-24,18.03,18.27,18.32,17.82,114601.0,,,,,,,,
2014-06-25,18.29,18.28,18.32,18.01,110741.0,,,,,,,,
2014-06-26,18.28,18.67,18.76,18.2,127189.0,,,,,,,,
2014-06-27,18.68,19.2,19.26,18.61,227211.0,,,,,,,,
2014-06-30,19.21,19.32,19.76,19.16,218974.0,,,,,,,,
2014-07-01,19.29,18.89,19.29,18.77,204600.0,,,,,,,,
2014-07-02,18.91,19.3,19.38,18.9,205399.0,,,,,,,,
2014-07-03,19.19,19.56,19.77,19.15,186932.0,,,,,,,,
2014-07-04,19.53,19.56,19.65,19.32,111672.0,,,,,,,,
2014-07-07,19.56,19.22,19.56,19.1,123437.0,,,,,,,,
2014-07-08,19.22,19.37,19.39,18.87,146998.0,,,,,,,,
2014-07-09,19.3,18.99,19.31,18.85,117778.0,,,,,,,,
2014-07-10,18.93,18.85,19.07,18.83,91794.0,,,,,,,,
2014-07-11,18.81,19.0,19.06,18.66,139701.0,,,,,,,,
2014-07-14,18.99,19.11,19.13,18.7,137778.0,,,,,,,,
2014-07-15,19.31,19.3,19.6,19.18,173688.0,,,,,,,,
2014-07-16,19.36,19.02,19.36,18.91,103512.0,,,,,,,,
2014-07-17,19.02,19.01,19.15,18.9,75020.0,,,,,,,,
2014-07-18,18.9,19.26,19.3,18.8,130179.0,,,,,,,,
2014-07-21,19.21,19.22,19.48,19.16,109222.0,,,,,,,,
2014-07-22,19.14,19.31,19.56,19.13,147581.0,,,,,,,,
2014-07-23,19.31,19.36,19.48,19.13,121777.0,,,,,,,,
2014-07-24,19.36,20.1,20.15,19.35,336853.0,,,,,,,,
2014-07-25,20.15,20.2,20.35,19.91,208755.0,,,,,,,,
2014-07-28,20.35,21.03,21.1,20.25,299424.0,,,,,,,,
2014-07-29,21.1,20.91,21.44,20.8,231372.0,,,,,,,,
2014-07-30,20.86,20.76,21.19,20.64,167308.0,,,,,,,,
2014-07-31,20.76,21.38,21.4,20.68,173695.0,,,,,,,,
2014-08-01,21.31,21.46,22.0,21.21,207738.0,,,,,,,,
2014-08-04,21.46,21.93,21.95,21.46,170239.0,,,,,,,,
2014-08-05,21.92,21.75,22.18,21.61,202651.0,,,,,,,,
2014-08-06,21.62,21.3,21.64,21.08,228834.0,,,,,,,,
2014-08-07,21.29,20.92,21.5,20.86,240276.0,,,,,,,,
2014-08-08,20.9,21.21,21.3,20.9,140427.0,,,,,,,,
2014-08-11,21.2,21.3,21.37,21.08,142157.0,,,,,,,,
2014-08-12,21.26,21.0,21.26,20.92,208335.0,,,,,,,,
2014-08-13,20.96,21.08,21.2,20.92,140559.0,,,,,,,,
2014-08-14,21.1,21.04,21.26,20.87,122922.0,,,,,,,,
2014-08-15,21.05,21.15,21.22,20.95,124922.0,,,,,,,,
2014-08-18,21.22,21.53,21.61,21.22,151873.0,,,,,,,,
2014-08-19,21.99,21.9,22.29,21.8,297473.0,,,,,,,,
2014-08-20,21.92,21.92,22.03,21.66,153533.0,,,,,,,,
2014-08-21,21.84,21.85,21.88,21.48,177374.0,,,,,,,,
2014-08-22,21.85,22.66,22.8,21.78,282460.0,,,,,,,,
2014-08-25,22.7,22.38,22.74,22.3,144040.0,,,,,,,,
2014-08-26,22.3,21.9,22.34,21.69,175334.0,,,,,,,,
2014-08-27,21.89,22.11,22.21,21.83,101475.0,,,,,,,,
2014-08-28,22.12,21.8,22.15,21.76,129055.0,,,,,,,,
2014-08-29,21.82,22.0,22.1,21.78,68344.0,,,,,,,,
2014-09-01,21.99,22.22,22.3,21.81,107604.0,,,,,,,,
2014-09-02,22.26,22.36,22.44,22.15,184145.0,,,,,,,,
2014-09-03,22.38,22.31,22.54,22.16,211045.0,,,,,,,,
2014-09-04,22.25,22.03,22.26,21.92,291441.0,,,,,,,,
2014-09-05,22.04,22.25,22.26,22.0,208984.0,,,,,,,,
2014-09-09,22.26,21.97,22.32,21.9,176770.0,,,,,,,,
2014-09-10,21.9,21.58,21.9,21.53,245812.0,,,,,,,,
2014-09-11,21.58,21.45,21.88,21.38,267314.0,,,,,,,,
2014-09-12,21.42,21.59,21.63,21.38,132224.0,,,,,,,,
2014-09-15,21.44,21.05,21.44,20.78,321378.0,,,,,,,,
2014-09-16,21.0,20.74,21.16,20.73,201262.0,,,,,,,,
2014-09-17,20.99,20.9,20.99,20.7,117694.0,,,,,,,,
2014-09-18,20.8,20.98,21.19,20.72,162880.0,,,,,,,,
2014-09-19,21.0,20.81,21.02,20.41,176390.0,,,,,,,,
2014-09-22,20.75,20.25,20.75,20.21,240764.0,,,,,,,,
2014-09-23,20.2,20.4,20.45,20.11,158662.0,,,,,,,,
2014-09-24,20.4,20.7,20.75,20.25,216783.0,,,,,,,,
2014-09-25,20.76,20.77,21.05,20.71,191788.0,,,,,,,,
2014-09-26,20.7,20.54,20.73,20.41,132600.0,,,,,,,,
2014-09-29,20.38,19.81,20.44,19.71,583528.0,,,,,,,,
2014-09-30,19.82,19.89,19.95,19.72,200269.0,,,,,,,,
2014-10-08,19.94,20.29,20.29,19.91,241907.0,,,,,,,,
2014-10-09,20.33,20.23,20.47,20.13,184722.0,,,,,,,,
2014-10-10,20.15,20.05,20.26,20.01,177558.0,,,,,,,,
2014-10-13,19.95,19.92,19.97,19.6,181332.0,,,,,,,,
2014-10-14,19.87,19.87,19.96,19.75,137169.0,,,,,,,,
2014-10-15,19.83,20.12,20.18,19.82,193145.0,,,,,,,,
2014-10-16,20.0,20.24,20.43,19.91,272658.0,,,,,,,,
2014-10-17,20.3,20.41,20.5,20.07,243248.0,,,,,,,,
2014-10-20,20.56,20.44,20.77,20.33,182542.0,,,,,,,,
2014-10-21,20.4,20.16,20.52,20.14,142368.0,,,,,,,,
2014-10-22,20.16,20.41,20.5,20.11,152048.0,,,,,,,,
2014-10-23,20.42,20.29,20.67,20.23,185399.0,,,,,,,,
2014-10-24,20.35,20.01,20.35,19.7,217587.0,,,,,,,,
2014-10-27,19.85,19.56,19.85,19.4,174524.0,,,,,,,,
2014-10-28,19.6,19.85,19.88,19.59,142958.0,,,,,,,,
2014-10-29,19.95,20.44,20.5,19.77,281759.0,,,,,,,,
2014-10-30,20.46,20.14,20.54,20.09,224215.0,,,,,,,,
2014-10-31,20.15,20.9,20.96,20.15,507598.0,,,,,,,,
2014-11-03,20.9,20.82,21.05,20.76,252640.0,,,,,,,,
2014-11-04,20.81,20.65,20.81,20.46,220412.0,,,,,,,,
2014-11-05,20.6,20.59,20.94,20.52,162826.0,,,,,,,,
2014-11-06,20.6,20.23,20.74,20.08,282494.0,,,,,,,,
2014-11-07,20.25,20.71,20.71,20.18,406038.0,,,,,,,,
2014-11-10,20.81,21.7,21.72,20.61,554127.0,,,,,,,,
2014-11-11,21.76,21.85,21.99,21.33,600227.0,,,,,,,,
2014-11-12,21.86,22.21,22.48,21.61,351157.0,,,,,,,,
2014-11-13,22.2,22.27,22.46,21.7,375290.0,,,,,,,,
2014-11-14,22.15,22.15,22.45,21.99,266761.0,,,,,,,,
2014-11-17,22.14,21.99,22.38,21.76,305969.0,,,,,,,,
2014-11-18,21.86,21.41,21.97,21.24,234807.0,,,,,,,,
2014-11-19,21.33,21.4,21.54,21.23,117805.0,,,,,,,,
2014-11-20,21.3,21.35,21.38,21.13,110558.0,,,,,,,,
2014-11-21,21.3,21.8,21.98,21.25,159636.0,,,,,,,,
2014-11-24,22.5,22.12,22.53,21.88,336266.0,,,,,,,,
2014-11-25,22.12,22.28,22.3,21.82,270068.0,,,,,,,,
2014-11-26,22.29,22.4,22.5,22.0,306897.0,,,,,,,,
2014-11-27,22.41,22.25,22.55,22.1,326299.0,,,,,,,,
2014-11-28,22.2,22.11,22.27,21.66,318710.0,,,,,,,,
2014-12-01,22.1,23.35,23.86,22.06,604560.0,,,,,,,,
2014-12-02,23.33,24.53,24.84,23.06,587276.0,,,,,,,,
2014-12-03,24.83,25.2,26.54,24.31,816949.0,,,,,,,,
2014-12-04,25.57,25.65,26.07,24.73,456375.0,,,,,,,,
2014-12-05,25.95,24.7,26.0,24.1,593452.0,,,,,,,,
2014-12-15,27.17,26.18,27.17,25.9,1367359.0,,,,,,,,
2014-12-16,26.3,25.86,26.48,25.51,543456.0,,,,,,,,
2014-12-17,25.78,25.47,25.85,25.02,453810.0,,,,,,,,
2014-12-18,25.47,27.9,28.0,25.4,794747.0,,,,,,,,
2014-12-19,27.89,27.63,28.38,27.32,494475.0,,,,,,,,
2014-12-22,27.39,27.85,28.39,26.73,481497.0,,,,,,,,
2014-12-23,27.68,28.35,30.0,27.3,682823.0,,,,,,,,
2014-12-24,28.46,27.66,28.73,27.47,413719.0,,,,,,,,
2014-12-25,27.75,27.68,28.55,27.0,390731.0,,,,,,,,
2014-12-26,27.8,28.33,28.69,27.12,420359.0,,,,,,,,
2014-12-29,28.4,27.64,29.3,27.3,418421.0,,,,,,,,
2014-12-30,27.7,26.84,27.72,26.51,405083.0,,,,,,,,
2014-12-31,26.84,27.44,27.5,26.7,348142.0,,,,,,,,
2015-01-05,27.88,29.88,30.1,27.88,974089.0,,,,,,,,
2015-01-06,29.86,31.71,32.49,29.46,871277.0,,,,,,,,
2015-01-07,31.72,31.65,32.33,30.92,368274.0,,,,,,,,
2015-01-08,31.46,32.1,32.76,30.9,531174.0,,,,,,,,
2015-01-09,31.97,31.11,32.8,31.09,433168.0,,,,,,,,
2015-01-12,31.08,32.02,32.65,30.5,438234.0,,,,,,,,
2015-01-13,32.01,33.2,33.48,31.51,455765.0,,,,,,,,
2015-01-14,33.39,31.88,33.4,31.4,365269.0,,,,,,,,
2015-01-15,31.85,32.05,32.45,31.05,309027.0,,,,,,,,
2015-01-16,32.0,31.48,32.05,31.15,378343.0,,,,,,,,
2015-01-19,30.0,29.47,31.0,28.33,618833.0,,,,,,,,
2015-01-20,29.51,30.5,30.87,29.48,445348.0,,,,,,,,
2015-01-21,30.56,31.18,31.42,30.09,384730.0,,,,,,,,
2015-01-22,31.19,30.86,31.38,30.5,261072.0,,,,,,,,
2015-01-23,30.89,30.5,31.28,30.31,268727.0,,,,,,,,
2015-01-26,30.8,30.8,31.09,30.54,245192.0,,,,,,,,
2015-01-27,31.02,30.85,31.3,30.25,357518.0,,,,,,,,
2015-01-28,30.45,30.38,30.81,30.06,226393.0,,,,,,,,
2015-01-29,29.63,29.9,30.3,29.6,239344.0,,,,,,,,
2015-01-30,29.96,30.03,30.9,29.95,260778.0,,,,,,,,
2015-02-02,29.5,28.89,29.94,28.88,232590.0,,,,,,,,
2015-02-03,29.46,29.37,29.5,29.0,179334.0,,,,,,,,
2015-02-04,29.76,29.31,30.27,29.3,209303.0,,,,,,,,
2015-02-05,30.0,29.0,30.49,29.0,295478.0,,,,,,,,
2015-02-06,29.01,29.11,29.73,28.51,156431.0,,,,,,,,
2015-02-09,29.18,29.56,29.99,29.01,180040.0,,,,,,,,
2015-02-10,29.9,30.45,30.58,29.7,236685.0,,,,,,,,
2015-02-11,30.8,30.37,30.8,30.22,161157.0,,,,,,,,
2015-02-12,30.5,30.39,30.76,30.16,134675.0,,,,,,,,
2015-02-13,30.51,30.33,30.76,30.14,229370.0,,,,,,,,
2015-02-16,30.44,30.18,30.5,30.0,195259.0,,,,,,,,
2015-02-17,30.3,31.59,31.84,30.1,383479.0,,,,,,,,
2015-02-25,31.9,31.79,32.35,31.3,367334.0,,,,,,,,
2015-02-26,31.66,31.75,31.79,31.12,186843.0,,,,,,,,
2015-02-27,31.7,31.46,31.98,31.19,199393.0,,,,,,,,
2015-03-02,31.54,31.46,31.83,31.14,263776.0,,,,,,,,
2015-03-03,31.17,30.34,31.52,30.3,284077.0,,,,,,,,
2015-03-04,30.3,30.8,31.14,30.15,245914.0,,,,,,,,
2015-03-05,30.2,29.7,30.49,29.5,347095.0,,,,,,,,
2015-03-06,29.75,29.42,29.95,29.2,214175.0,,,,,,,,
2015-03-09,29.0,29.98,30.0,28.8,257170.0,,,,,,,,
2015-03-10,29.85,29.81,30.33,29.66,189736.0,,,,,,,,
2015-03-11,29.82,30.97,30.97,29.81,320504.0,,,,,,,,
2015-03-12,31.32,30.68,31.38,30.66,202730.0,,,,,,,,
2015-03-13,30.69,31.0,31.5,30.6,197035.0,,,,,,,,
2015-03-16,31.2,31.5,31.6,30.7,242842.0,,,,,,,,
2015-03-17,31.75,31.47,31.78,31.2,291109.0,,,,,,,,
2015-03-18,31.7,31.99,32.0,31.32,379772.0,,,,,,,,
2015-03-19,32.18,32.0,32.68,31.69,342731.0,,,,,,,,
2015-03-20,31.86,31.51,32.3,31.46,315217.0,,,,,,,,
2015-03-23,31.81,32.21,32.57,31.6,319577.0,,,,,,,,
2015-03-24,32.61,32.09,32.78,31.53,391889.0,,,,,,,,
2015-03-25,31.6,31.54,31.83,31.4,283498.0,,,,,,,,
2015-03-31,34.69,32.95,34.69,32.51,756004.0,,,,,,,,
2015-04-01,32.99,34.18,34.5,32.7,478801.0,,,,,,,,
2015-04-02,34.57,34.24,34.68,33.43,408293.0,,,,,,,,
2015-04-03,34.13,33.88,34.13,33.45,368144.0,,,,,,,,
2015-04-07,34.31,34.15,34.89,33.72,489143.0,,,,,,,,
2015-04-08,34.25,33.91,34.28,33.31,373639.0,,,,,,,,
2015-04-09,33.91,32.88,33.95,32.53,407550.0,,,,,,,,
2015-04-10,32.42,33.52,33.6,32.42,354207.0,,,,,,,,
2015-04-13,33.7,33.0,34.25,32.8,720829.0,,,,,,,,
2015-04-14,32.98,33.21,33.45,32.64,428322.0,,,,,,,,
2015-04-15,33.15,32.03,33.15,32.03,418641.0,,,,,,,,
2015-04-16,32.03,33.4,33.4,31.86,426191.0,,,,,,,,
2015-04-17,34.15,35.78,36.5,33.68,783782.0,,,,,,,,
2015-04-20,35.7,35.1,36.49,34.63,574721.0,,,,,,,,
2015-04-21,35.49,37.0,37.15,35.18,571303.0,,,,,,,,
2015-04-22,37.7,37.01,38.88,37.0,554253.0,,,,,,,,
2015-04-23,37.05,36.53,37.49,36.17,368862.0,,,,,,,,
2015-04-24,36.25,36.2,36.97,35.8,338081.0,,,,,,,,
2015-04-27,36.6,36.58,37.44,36.16,335691.0,,,,,,,,
2015-04-28,37.48,37.37,38.88,36.75,812131.0,,,,,,,,
2015-04-29,37.82,37.45,38.37,37.27,461960.0,,,,,,,,
2015-04-30,36.28,36.97,37.66,36.0,544093.0,,,,,,,,
2015-05-04,36.95,36.08,36.96,35.9,374430.0,,,,,,,,
2015-05-05,35.9,34.09,35.98,33.87,417785.0,,,,,,,,
2015-05-06,34.8,34.13,34.93,33.91,354350.0,,,,,,,,
2015-05-07,34.0,34.88,35.13,33.72,285206.0,,,,,,,,
2015-05-08,35.5,35.2,35.86,34.75,349912.0,,,,,,,,
2015-05-11,35.1,35.65,35.65,34.58,403564.0,,,,,,,,
2015-05-12,35.7,35.46,36.18,35.1,322856.0,,,,,,,,
2015-05-13,35.55,35.9,36.5,35.2,387289.0,,,,,,,,
2015-05-14,35.77,35.41,36.15,35.25,234745.0,,,,,,,,
2015-05-15,35.25,34.2,35.29,33.96,269698.0,,,,,,,,
2015-05-18,34.0,33.21,34.0,33.13,307735.0,,,,,,,,
2015-05-19,33.33,34.83,35.0,33.3,355210.0,,,,,,,,
2015-05-20,35.6,35.84,36.56,35.22,488654.0,,,,,,,,
2015-05-21,36.48,38.1,38.48,36.48,498515.0,,,,,,,,
2015-05-22,38.3,38.12,38.55,37.02,356610.0,,,,,,,,
2015-05-25,38.15,38.58,38.84,37.5,379495.0,,,,,,,,
2015-05-26,38.58,40.58,41.49,38.56,496758.0,,,,,,,,
2015-05-27,40.6,39.63,41.07,39.39,339750.0,,,,,,,,
2015-05-28,39.63,36.84,40.0,36.8,392373.0,,,,,,,,
2015-05-29,36.85,37.0,37.5,35.3,426958.0,,,,,,,,
2015-06-01,37.11,38.4,38.5,36.98,347680.0,,,,,,,,
2015-06-02,38.41,38.44,38.6,37.4,368187.0,,,,,,,,
2015-06-03,38.45,39.1,39.6,38.34,414235.0,,,,,,,,
2015-06-04,39.0,38.03,39.0,35.24,364131.0,,,,,,,,
2015-06-05,38.26,37.68,38.98,36.95,457453.0,,,,,,,,
2015-06-08,37.72,39.37,39.48,37.2,631148.0,,,,,,,,
2015-06-09,39.4,38.62,39.82,38.2,416103.0,,,,,,,,
2015-06-10,38.11,38.77,39.38,37.8,330608.0,,,,,,,,
2015-06-11,38.77,38.08,39.26,37.71,304279.0,,,,,,,,
2015-06-12,38.08,37.87,38.69,37.55,365251.0,,,,,,,,
2015-06-15,37.93,36.51,38.08,36.36,435174.0,,,,,,,,
2015-06-16,36.57,36.45,37.14,35.73,332033.0,,,,,,,,
2015-06-17,36.75,36.98,37.2,36.01,259900.0,,,,,,,,
2015-06-18,36.98,35.91,37.14,35.86,302655.0,,,,,,,,
2015-06-19,35.79,35.02,36.84,33.0,354525.0,,,,,,,,
2015-06-23,34.98,38.0,38.15,34.8,527870.0,,,,,,,,
2015-06-24,38.05,38.84,39.0,37.3,519621.0,,,,,,,,
2015-06-25,39.1,36.71,39.88,36.0,570413.0,,,,,,,,
2015-06-26,35.8,34.41,36.61,33.2,529916.0,,,,,,,,
2015-06-29,36.0,34.3,36.64,32.5,909374.0,,,,,,,,
2015-06-30,34.27,37.28,37.38,33.8,750788.0,,,,,,,,
2015-07-01,37.0,35.6,37.8,35.52,485417.0,,,,,,,,
2015-07-02,36.2,35.99,36.5,33.68,485779.0,,,,,,,,
2015-07-03,36.0,33.3,36.0,32.76,608743.0,,,,,,,,
2015-07-06,36.55,35.0,36.55,32.99,751780.0,,,,,,,,
2015-07-07,34.01,34.23,34.94,32.9,773614.0,,,,,,,,
2015-07-08,30.81,30.81,31.5,30.81,1153884.0,,,,,,,,
2015-07-09,30.81,33.89,33.89,29.0,622431.0,,,,,,,,
2015-07-10,34.0,37.25,37.28,33.89,721854.0,,,,,,,,
2015-07-13,37.29,38.09,39.38,36.38,780975.0,,,,,,,,
2015-07-14,37.33,36.04,37.55,36.01,522132.0,,,,,,,,
2015-07-15,35.44,36.0,36.5,33.81,362583.0,,,,,,,,
2015-07-16,36.0,35.6,36.4,34.88,308622.0,,,,,,,,
2015-07-17,36.12,36.42,36.95,35.6,353281.0,,,,,,,,
2015-07-20,36.55,35.63,36.56,35.3,291214.0,,,,,,,,
2015-07-21,35.06,35.03,35.5,34.86,212712.0,,,,,,,,
2015-07-22,35.41,34.37,35.76,34.1,360192.0,,,,,,,,
2015-07-23,34.3,34.85,35.0,34.0,318692.0,,,,,,,,
2015-07-24,34.85,34.36,35.5,34.2,305408.0,,,,,,,,
2015-07-27,33.91,31.5,34.21,31.01,449320.0,,,,,,,,
2015-07-28,30.87,32.88,33.55,30.56,563267.0,,,,,,,,
2015-07-29,33.0,33.42,33.53,32.54,284789.0,,,,,,,,
2015-07-30,33.38,32.25,33.78,32.1,203975.0,,,,,,,,
2015-07-31,31.75,33.15,33.21,31.61,324075.0,,,,,,,,
2015-08-03,32.58,34.0,34.0,32.48,311547.0,,,,,,,,
2015-08-04,33.93,34.06,34.09,33.04,228259.0,,,,,,,,
2015-08-05,35.5,34.41,35.99,34.3,354877.0,,,,,,,,
2015-08-06,33.79,33.82,34.5,33.01,175989.0,,,,,,,,
2015-08-07,34.29,34.22,34.5,33.8,149136.0,,,,,,,,
2015-08-10,34.22,34.95,35.12,33.6,302598.0,,,,,,,,
2015-08-11,34.7,34.6,34.95,34.42,247203.0,,,,,,,,
2015-08-12,34.61,33.51,34.94,33.5,226998.0,,,,,,,,
2015-08-13,33.41,33.63,33.87,33.0,157542.0,,,,,,,,
2015-08-14,33.64,33.3,33.69,33.2,175023.0,,,,,,,,
2015-08-17,33.24,32.68,33.24,32.5,171479.0,,,,,,,,
2015-08-18,32.68,30.93,32.98,30.69,255175.0,,,,,,,,
2015-08-19,30.57,31.27,31.4,30.0,258890.0,,,,,,,,
2015-08-20,30.56,30.01,30.98,30.01,240422.0,,,,,,,,
2015-08-21,29.69,28.08,29.99,28.0,300280.0,,,,,,,,
2015-08-24,26.98,25.28,26.99,25.27,523603.0,,,,,,,,
2015-08-25,23.86,23.76,26.18,23.33,548961.0,,,,,,,,
2015-08-26,24.18,25.23,26.12,23.88,549672.0,,,,,,,,
2015-08-27,26.2,26.54,26.63,25.17,402629.0,,,,,,,,
2015-08-28,26.72,27.35,27.67,26.61,364575.0,,,,,,,,
2015-08-31,27.8,28.79,28.79,26.55,499910.0,,,,,,,,
2015-09-01,27.99,28.83,28.88,27.32,484409.0,,,,,,,,
2015-09-02,27.85,28.75,28.97,27.32,643472.0,,,,,,,,
2015-09-07,28.55,26.86,28.99,26.72,438309.0,,,,,,,,
2015-09-08,26.65,27.4,27.48,26.11,206866.0,,,,,,,,
2015-09-09,27.41,27.9,28.23,27.13,267772.0,,,,,,,,
2015-09-10,27.52,27.36,27.78,27.33,140920.0,,,,,,,,
2015-09-11,27.43,27.25,27.55,27.13,95038.0,,,,,,,,
2015-09-14,27.4,26.01,27.42,25.5,244338.0,,,,,,,,
2015-09-15,25.88,25.0,25.88,24.7,203034.0,,,,,,,,
2015-09-16,25.2,26.64,26.98,24.98,202692.0,,,,,,,,
2015-09-17,26.52,25.5,26.7,25.3,194815.0,,,,,,,,
2015-09-18,25.68,25.88,25.97,25.61,116689.0,,,,,,,,
2015-09-21,25.54,26.53,26.56,25.52,136576.0,,,,,,,,
2015-09-22,26.4,26.65,26.96,26.39,155915.0,,,,,,,,
2015-09-23,26.4,25.84,26.4,25.78,121309.0,,,,,,,,
2015-09-24,26.07,26.13,26.56,25.86,120042.0,,,,,,,,
2015-09-25,26.01,25.1,26.05,24.95,185595.0,,,,,,,,
2015-09-28,25.12,25.1,25.15,24.73,107990.0,,,,,,,,
2015-09-29,24.79,24.57,24.93,24.47,116157.0,,,,,,,,
2015-09-30,24.72,25.23,25.38,24.72,122399.0,,,,,,,,
2015-10-08,26.5,27.11,27.74,26.5,379370.0,,,,,,,,
2015-10-09,27.05,27.1,27.25,26.74,144282.0,,,,,,,,
2015-10-12,27.22,28.29,28.38,27.0,278686.0,,,,,,,,
2015-10-13,28.2,27.92,28.2,27.63,173347.0,,,,,,,,
2015-10-14,27.61,26.97,27.74,26.9,208179.0,,,,,,,,
2015-10-15,26.94,27.52,27.56,26.83,207910.0,,,,,,,,
2015-10-16,27.41,27.66,28.08,27.3,221773.0,,,,,,,,
2015-10-19,27.7,27.42,27.78,27.12,202030.0,,,,,,,,
2015-10-20,27.4,27.5,27.52,27.2,148274.0,,,,,,,,
2015-10-21,27.6,26.67,27.86,26.57,228402.0,,,,,,,,
2015-10-22,26.55,26.95,26.98,26.51,175967.0,,,,,,,,
2015-10-23,27.08,27.58,27.74,27.08,196681.0,,,,,,,,
2015-10-26,28.21,27.8,28.3,27.56,221443.0,,,,,,,,
2015-10-27,27.42,27.38,27.77,26.85,194023.0,,,,,,,,
2015-10-28,27.43,26.79,27.43,26.62,246921.0,,,,,,,,
2015-10-29,27.02,27.76,27.88,26.74,320529.0,,,,,,,,
2015-10-30,27.62,28.01,28.4,27.28,287655.0,,,,,,,,
2015-11-02,27.68,28.38,28.97,27.58,283361.0,,,,,,,,
2015-11-03,28.38,28.18,28.57,27.9,153053.0,,,,,,,,
2015-11-04,28.18,29.35,29.39,28.15,280645.0,,,,,,,,
2015-11-05,29.35,30.05,30.52,29.06,396840.0,,,,,,,,
2015-11-06,29.87,30.12,30.22,29.7,255239.0,,,,,,,,
2015-11-09,30.1,30.3,31.0,30.03,269754.0,,,,,,,,
2015-11-10,30.06,29.63,30.22,29.45,232587.0,,,,,,,,
2015-11-11,29.7,29.44,29.74,29.23,173404.0,,,,,,,,
2015-11-12,29.64,29.73,29.85,29.42,147039.0,,,,,,,,
2015-11-13,29.42,28.99,29.43,28.82,201284.0,,,,,,,,
2015-11-16,28.69,28.8,28.9,28.52,297438.0,,,,,,,,
2015-11-17,29.0,29.01,29.48,28.82,322103.0,,,,,,,,
2015-11-18,29.12,28.35,29.16,28.33,301478.0,,,,,,,,
2015-11-19,28.4,28.47,28.58,27.9,350894.0,,,,,,,,
2015-11-20,28.49,28.18,28.55,27.92,407741.0,,,,,,,,
2015-11-23,28.17,28.1,28.38,27.9,256633.0,,,,,,,,
2015-11-24,28.14,28.5,28.57,28.02,194029.0,,,,,,,,
2015-11-25,28.49,28.29,28.57,28.1,316921.0,,,,,,,,
2015-11-26,28.39,28.63,28.94,28.3,311115.0,,,,,,,,
2015-11-27,28.44,27.11,28.47,27.0,282399.0,,,,,,,,
2015-11-30,27.28,26.83,27.35,26.17,213064.0,,,,,,,,
2015-12-01,26.86,27.83,28.21,26.51,242385.0,,,,,,,,
2015-12-02,27.78,29.3,30.33,27.6,585291.0,,,,,,,,
2015-12-03,29.09,29.1,29.44,28.8,226589.0,,,,,,,,
2015-12-04,28.86,29.09,29.38,28.55,249581.0,,,,,,,,
2015-12-07,29.13,29.31,29.63,28.63,234815.0,,,,,,,,
2015-12-08,29.02,28.18,29.02,28.05,182281.0,,,,,,,,
2015-12-09,28.06,28.51,28.95,28.06,187395.0,,,,,,,,
2015-12-10,28.6,28.88,29.46,28.58,305282.0,,,,,,,,
2015-12-11,28.91,29.38,29.52,28.56,239873.0,,,,,,,,
2015-12-14,29.18,30.05,30.24,29.03,333497.0,,,,,,,,
2015-12-15,29.98,30.05,30.3,29.57,222263.0,,,,,,,,
2015-12-16,30.05,29.78,30.1,29.7,119691.0,,,,,,,,
2015-12-17,29.88,30.18,30.64,29.88,202605.0,,,,,,,,
2015-12-18,30.18,29.72,30.48,29.5,160472.0,,,,,,,,
2015-12-21,29.8,31.87,32.58,29.72,468867.0,,,,,,,,
2015-12-22,31.88,32.45,32.88,31.62,272991.0,,,,,,,,
2015-12-23,32.2,32.45,33.28,31.88,323339.0,,,,,,,,
2015-12-24,32.43,31.7,32.43,31.17,169992.0,,,,,,,,
2015-12-25,31.75,32.15,32.24,31.72,111854.0,,,,,,,,
2015-12-28,32.22,31.0,32.51,31.0,203935.0,,,,,,,,
2015-12-29,31.05,33.09,33.98,30.66,367552.0,,,,,,,,
2015-12-30,33.01,33.43,34.3,32.88,445581.0,,,,,,,,
2015-12-31,33.45,32.82,33.58,32.55,178333.0,,,,,,,,
2016-01-04,32.82,30.12,33.18,29.54,200338.0,,,,,,,,
2016-01-05,29.72,31.33,31.48,29.53,312165.0,,,,,,,,
2016-01-06,31.28,31.59,31.95,30.92,201976.0,,,,,,,,
2016-01-07,30.9,29.04,30.98,28.88,63754.0,,,,,,,,
2016-01-08,30.21,29.81,30.59,28.73,374581.0,,,,,,,,
2016-01-11,29.0,28.4,29.54,28.19,282311.0,,,,,,,,
2016-01-12,28.62,28.81,29.17,28.18,214249.0,,,,,,,,
2016-01-13,29.06,28.99,29.93,28.55,190050.0,,,,,,,,
2016-01-14,28.02,29.6,29.78,28.01,265660.0,,,,,,,,
2016-01-15,29.6,28.39,29.82,28.1,240679.0,,,,,,,,
2016-01-18,27.74,27.8,28.55,27.4,214986.0,,,,,,,,
2016-01-19,27.82,28.82,29.28,27.66,218061.0,,,,,,,,
2016-01-20,28.7,28.03,29.0,27.65,230145.0,,,,,,,,
2016-01-21,27.63,27.03,28.23,27.02,211966.0,,,,,,,,
2016-01-22,27.39,27.08,27.44,26.5,169372.0,,,,,,,,
2016-01-25,27.22,27.2,27.49,27.07,93538.0,,,,,,,,
2016-01-26,27.04,25.85,27.23,25.77,197294.0,,,,,,,,
2016-01-27,26.0,26.23,26.43,25.15,184252.0,,,,,,,,
2016-01-28,26.03,26.51,26.97,25.88,132620.0,,,,,,,,
2016-01-29,26.35,27.31,27.5,26.2,121923.0,,,,,,,,
2016-02-01,27.32,27.35,27.56,27.11,84269.0,,,,,,,,
2016-02-02,27.35,27.61,27.98,27.3,105678.0,,,,,,,,
2016-02-03,27.48,27.17,27.58,26.81,130410.0,,,,,,,,
2016-02-04,27.22,27.29,27.67,27.11,92088.0,,,,,,,,
2016-02-05,27.4,27.42,27.68,27.27,100290.0,,,,,,,,
2016-02-15,26.95,26.96,27.28,26.72,117440.0,,,,,,,,
2016-02-16,27.33,27.74,27.8,27.1,133921.0,,,,,,,,
2016-02-17,27.66,27.95,28.22,27.61,116423.0,,,,,,,,
2016-02-18,28.13,27.86,28.29,27.78,69581.0,,,,,,,,
2016-02-19,27.81,27.6,27.93,27.5,66150.0,,,,,,,,
2016-02-22,27.99,28.04,28.15,27.52,112334.0,,,,,,,,
2016-02-23,28.07,27.87,28.1,27.72,97402.0,,,,,,,,
2016-02-24,27.8,27.84,27.96,27.32,82086.0,,,,,,,,
2016-02-25,27.72,26.47,27.83,26.0,162506.0,,,,,,,,
2016-02-26,26.59,26.84,26.91,26.46,95053.0,,,,,,,,
2016-02-29,26.78,26.07,26.79,25.72,131878.0,,,,,,,,
2016-03-01,26.15,26.96,26.97,26.09,110086.0,,,,,,,,
2016-03-02,27.19,29.18,29.18,26.97,355746.0,,,,,,,,
2016-03-03,29.15,28.6,29.3,28.5,148251.0,,,,,,,,
2016-03-04,28.78,29.12,29.75,28.55,262456.0,,,,,,,,
2016-03-07,29.2,29.23,29.92,28.85,116650.0,,,,,,,,
2016-03-08,29.25,28.85,29.3,28.28,92473.0,,,,,,,,
2016-03-09,28.55,28.78,29.35,28.32,94290.0,,,,,,,,
2016-03-10,28.75,29.03,29.66,28.69,105509.0,,,,,,,,
2016-03-11,28.84,29.0,29.38,28.71,62353.0,77.353,77.782,78.801,77.004,17.593,17.691,17.922,17.514
2016-03-14,29.34,29.55,30.15,29.33,161849.0,78.694,79.257,80.866,78.667,17.898,18.026,18.392,17.892
2016-03-15,29.78,29.64,29.8,29.0,116240.0,79.874,79.498,79.928,77.782,18.166,18.081,18.179,17.691
2016-03-16,29.61,29.26,29.61,29.1,74246.0,79.418,78.479,79.418,78.05,18.063,17.849,18.063,17.752
2016-03-17,29.51,29.85,29.99,29.43,104874.0,79.15,80.062,80.437,78.935,18.002,18.209,18.294,17.953
2016-03-18,30.1,30.04,30.46,29.71,245725.0,80.732,80.571,81.698,79.686,18.362,18.325,18.581,18.124
2016-03-21,30.15,30.38,30.59,30.02,198355.0,80.866,81.483,82.046,80.518,18.392,18.532,18.66,18.313
2016-03-22,30.45,30.54,30.95,30.29,135105.0,81.671,81.912,83.012,81.242,18.575,18.63,18.88,18.477
2016-03-23,30.29,30.28,30.6,29.98,96578.0,81.242,81.215,82.073,80.41,18.477,18.471,18.667,18.288
2016-03-24,30.03,30.87,31.25,29.78,219182.0,80.544,82.797,83.817,79.874,18.319,18.831,19.063,18.166
2016-03-25,30.6,31.4,31.66,30.56,168538.0,82.073,84.219,84.916,81.966,18.667,19.155,19.313,18.642
2016-03-28,32.01,30.6,32.27,30.5,256840.0,85.855,82.073,86.552,81.805,19.527,18.667,19.685,18.606
2016-03-29,30.75,29.99,30.78,29.8,161499.0,82.476,80.437,82.556,79.928,18.758,18.294,18.776,18.179
2016-03-30,30.16,30.53,30.55,29.98,193760.0,80.893,81.885,81.939,80.41,18.398,18.624,18.636,18.288
2016-03-31,30.68,30.85,31.39,30.68,203540.0,82.288,82.744,84.192,82.288,18.715,18.819,19.149,18.715
2016-04-01,31.0,30.59,31.0,30.2,102610.0,83.146,82.046,83.146,81.0,18.911,18.66,18.911,18.423
2016-04-05,30.26,30.79,30.94,30.26,146471.0,81.161,82.583,82.985,81.161,18.459,18.782,18.874,18.459
2016-04-06,30.7,30.75,30.97,30.56,113214.0,82.341,82.476,83.066,81.966,18.728,18.758,18.892,18.642
2016-04-07,30.81,30.1,30.93,30.05,141250.0,82.636,80.732,82.958,80.598,18.795,18.362,18.868,18.331
2016-04-08,30.0,30.02,30.33,29.84,84351.0,80.464,80.518,81.349,80.035,18.301,18.313,18.502,18.203
2016-04-11,30.23,30.4,30.55,30.2,150076.0,81.081,81.537,81.939,81.0,18.441,18.545,18.636,18.423
2016-04-12,30.4,30.46,30.54,30.2,82910.0,81.537,81.698,81.912,81.0,18.545,18.581,18.63,18.423
2016-04-13,30.6,30.68,31.08,30.52,185906.0,82.073,82.288,83.361,81.859,18.667,18.715,18.959,18.618
2016-04-14,30.79,30.92,31.07,30.7,117934.0,82.583,82.932,83.334,82.341,18.782,18.862,18.953,18.728
2016-04-15,30.95,30.96,31.1,30.8,87028.0,83.012,83.039,83.414,82.61,18.88,18.886,18.972,18.789
2016-04-18,30.96,30.62,30.96,30.45,90970.0,83.039,82.127,83.039,81.671,18.886,18.679,18.886,18.575
2016-04-19,30.71,30.78,30.85,30.4,78850.0,82.368,82.556,82.744,81.537,18.734,18.776,18.819,18.545
2016-04-20,30.78,29.88,30.78,29.51,202417.0,82.556,80.142,82.556,79.15,18.776,18.227,18.776,18.002
2016-04-21,29.8,29.74,30.08,29.65,81153.0,79.928,79.767,80.679,79.525,18.179,18.142,18.349,18.087
2016-04-22,29.6,30.8,30.93,29.56,149254.0,79.391,82.61,82.958,79.284,18.057,18.789,18.868,18.032
2016-04-25,30.8,31.2,31.55,30.7,210883.0,82.61,83.683,84.621,82.341,18.789,19.033,19.246,18.728
2016-04-26,31.23,31.38,31.69,31.1,105234.0,83.763,84.165,84.997,83.414,19.051,19.142,19.332,18.972
2016-04-27,31.28,30.98,31.47,30.92,109632.0,83.897,83.092,84.407,82.932,19.081,18.898,19.197,18.862
2016-04-28,31.12,30.78,31.53,30.54,138985.0,83.468,82.556,84.568,81.912,18.984,18.776,19.234,18.63
2016-04-29,31.02,32.1,32.26,31.02,254040.0,83.2,86.096,86.526,83.2,18.923,19.582,19.679,18.923
2016-05-03,32.21,33.84,34.08,32.2,296269.0,86.391,90.763,91.407,86.365,19.649,20.643,20.789,19.643
2016-05-04,33.3,32.96,33.79,32.8,276830.0,89.315,88.403,90.629,87.974,20.314,20.106,20.613,20.009
2016-05-05,33.07,32.99,33.24,32.85,195476.0,88.698,88.484,89.154,88.108,20.173,20.125,20.277,20.039
2016-05-06,20.97,20.35,21.14,20.35,387857.0,87.567,84.978,88.277,84.978,19.916,19.327,20.078,19.327
2016-05-09,20.08,20.35,20.7,19.99,322845.0,83.85,84.978,86.439,83.474,19.071,19.327,19.66,18.985
2016-05-10,20.4,21.08,21.59,20.15,481487.0,85.187,88.026,90.156,84.143,19.375,20.021,20.505,19.137
2016-05-11,21.16,21.96,22.21,21.09,589117.0,88.36,91.701,92.745,88.068,20.097,20.856,21.094,20.03
2016-05-12,21.6,21.9,22.55,21.3,407027.0,90.198,91.45,94.165,88.945,20.514,20.799,21.417,20.23
2016-05-13,21.81,21.51,22.23,21.42,214554.0,91.074,89.822,92.828,89.446,20.714,20.429,21.113,20.343
2016-05-16,21.51,21.8,22.0,21.51,178849.0,89.822,91.033,91.868,89.822,20.429,20.704,20.894,20.429
2016-05-17,21.65,21.35,21.8,21.3,188288.0,90.406,89.154,91.033,88.945,20.562,20.277,20.704,20.23
2016-06-01,23.1,22.86,23.45,22.44,791824.0,96.461,95.459,97.923,93.705,21.939,21.711,22.271,21.312
2016-06-02,22.71,22.56,22.88,22.36,387352.0,94.833,94.206,95.543,93.371,21.569,21.426,21.73,21.236
2016-06-03,22.56,23.08,23.23,22.45,367146.0,94.206,96.378,97.004,93.747,21.426,21.92,22.063,21.322
2016-06-06,23.1,23.73,24.03,23.0,447679.0,96.461,99.092,100.345,96.044,21.939,22.537,22.822,21.844
2016-06-07,23.73,23.13,23.83,23.0,376155.0,99.092,96.587,99.51,96.044,22.537,21.968,22.632,21.844
2016-06-08,23.0,22.68,23.0,22.5,273857.0,96.044,94.707,96.044,93.956,21.844,21.54,21.844,21.369
2016-06-13,22.41,22.3,22.83,22.25,275858.0,93.58,93.121,95.334,92.912,21.284,21.179,21.683,21.132
2016-06-14,22.3,22.58,22.69,22.11,204764.0,93.121,94.29,94.749,92.327,21.179,21.445,21.55,20.999
2016-06-15,22.16,22.78,23.06,22.13,282360.0,92.536,95.125,96.294,92.411,21.046,21.635,21.901,21.018
2016-06-16,22.64,22.36,22.71,22.18,175804.0,94.54,93.371,94.833,92.619,21.502,21.236,21.569,21.065
2016-06-17,22.77,22.43,22.9,22.22,275958.0,95.083,93.663,95.626,92.787,21.626,21.303,21.749,21.103
2016-06-20,22.26,22.96,23.03,22.21,360628.0,92.954,95.877,96.169,92.745,21.141,21.806,21.873,21.094
2016-06-21,22.99,22.72,23.15,22.63,232914.0,96.002,94.874,96.67,94.499,21.835,21.578,21.987,21.493
2016-06-22,22.61,22.96,23.03,22.54,180797.0,94.415,95.877,96.169,94.123,21.474,21.806,21.873,21.407
2016-06-23,22.95,22.7,23.03,22.6,179282.0,95.835,94.791,96.169,94.373,21.797,21.559,21.873,21.464
2016-06-24,22.74,22.83,23.23,22.5,390874.0,94.958,95.334,97.004,93.956,21.597,21.683,22.063,21.369
2016-06-27,22.66,23.64,23.87,22.66,414636.0,94.624,98.716,99.677,94.624,21.521,22.452,22.67,21.521
2016-06-28,23.52,23.35,23.52,22.97,507580.0,98.215,97.505,98.215,95.918,22.338,22.176,22.338,21.816
2016-06-29,23.28,23.37,23.47,23.09,318571.0,97.213,97.589,98.006,96.419,22.11,22.195,22.29,21.93
2016-06-30,23.44,23.72,23.78,23.23,519895.0,97.881,99.05,99.301,97.004,22.262,22.528,22.585,22.063
2016-07-01,23.79,24.08,24.63,23.79,474164.0,99.343,100.554,102.85,99.343,22.594,22.87,23.392,22.594
2016-07-04,24.01,24.45,25.08,23.93,650460.0,100.261,102.099,104.729,99.927,22.803,23.221,23.82,22.727
2016-07-05,24.55,24.1,24.59,24.02,426639.0,102.516,100.637,102.683,100.303,23.316,22.889,23.354,22.813
2016-07-06,24.05,24.38,24.46,23.86,405932.0,100.428,101.806,102.14,99.635,22.841,23.155,23.231,22.661
2016-07-07,24.45,24.44,24.96,24.33,595459.0,102.099,102.057,104.228,101.597,23.221,23.212,23.706,23.107
2016-07-08,24.62,24.15,24.75,24.05,373771.0,102.808,100.846,103.351,100.428,23.383,22.936,23.506,22.841
2016-07-11,24.35,24.96,25.22,24.16,665050.0,101.681,104.228,105.314,100.888,23.126,23.706,23.952,22.946
2016-07-12,25.05,27.46,27.46,24.98,1153310.0,104.604,114.668,114.668,104.312,23.791,26.08,26.08,23.725
2016-07-13,27.87,27.35,28.69,27.05,894217.0,116.38,114.208,119.804,112.956,26.469,25.975,27.248,25.691
2016-07-14,27.16,27.04,27.65,26.77,456231.0,113.415,112.914,115.461,111.786,25.795,25.681,26.26,25.425
2016-07-15,27.06,28.65,29.57,27.06,869925.0,112.997,119.637,123.479,112.997,25.7,27.21,28.084,25.7
2016-07-18,28.39,28.46,29.29,28.01,552138.0,118.551,118.844,122.309,116.964,26.963,27.03,27.818,26.602
2016-07-19,28.32,27.45,28.55,27.11,600783.0,118.259,114.626,119.219,113.206,26.897,26.07,27.115,25.747
2016-07-20,27.49,27.3,27.78,27.01,318448.0,114.793,114.0,116.004,112.789,26.108,25.928,26.384,25.653
2016-07-21,27.58,28.07,29.29,27.5,642806.0,115.169,117.215,122.309,114.835,26.194,26.659,27.818,26.118
2016-07-22,28.1,27.28,28.3,27.0,524755.0,117.34,113.916,118.175,112.747,26.688,25.909,26.878,25.643
2016-07-25,27.01,26.66,27.43,26.62,479540.0,112.789,111.327,114.542,111.16,25.653,25.32,26.051,25.282
2016-07-26,26.69,27.54,27.63,26.4,631496.0,111.452,115.002,115.378,110.241,25.349,26.156,26.241,25.073
2016-07-27,27.6,26.96,27.7,26.36,612241.0,115.252,112.58,115.67,110.074,26.213,25.605,26.308,25.035
2016-07-28,26.96,27.78,28.38,26.8,806192.0,112.58,116.004,118.51,111.912,25.605,26.384,26.954,25.453
2016-07-29,27.78,28.2,28.8,27.52,720825.0,116.004,117.758,120.263,114.918,26.384,26.783,27.353,26.137
2016-08-01,28.04,27.76,28.58,27.51,477978.0,117.09,115.921,119.345,114.877,26.631,26.365,27.144,26.127
2016-08-02,27.68,27.6,27.74,26.97,436860.0,115.586,115.252,115.837,112.622,26.289,26.213,26.346,25.615
2016-08-03,27.42,28.01,28.08,27.27,377674.0,114.501,116.964,117.257,113.874,26.042,26.602,26.669,25.899
2016-08-04,27.85,27.69,28.12,27.53,352555.0,116.296,115.628,117.424,114.96,26.45,26.298,26.707,26.146
2016-08-05,27.65,27.97,28.46,27.56,448374.0,115.461,116.797,118.844,115.085,26.26,26.564,27.03,26.175
2016-08-08,27.96,27.69,27.96,27.18,344702.0,116.756,115.628,116.756,113.499,26.555,26.298,26.555,25.814
2016-08-09,27.89,27.83,28.05,27.33,335700.0,116.463,116.213,117.131,114.125,26.488,26.431,26.64,25.956
2016-08-10,27.68,27.23,27.99,27.09,435637.0,115.586,113.707,116.881,113.123,26.289,25.861,26.583,25.728
2016-08-11,27.26,27.24,27.59,27.16,295709.0,113.833,113.749,115.211,113.415,25.89,25.871,26.203,25.795
2016-08-12,27.24,27.04,27.35,26.4,493732.0,113.749,112.914,114.208,110.241,25.871,25.681,25.975,25.073
2016-08-15,27.05,27.92,28.03,26.65,677757.0,112.956,116.589,117.048,111.285,25.691,26.517,26.621,25.311
2016-08-16,28.01,28.35,29.15,28.01,694746.0,116.964,118.384,121.725,116.964,26.602,26.925,27.685,26.602
2016-08-17,28.6,28.43,29.1,28.27,453911.0,119.428,118.718,121.516,118.05,27.163,27.001,27.637,26.849
2016-08-18,28.36,28.07,28.49,27.84,353506.0,118.426,117.215,118.969,116.255,26.935,26.659,27.058,26.441
2016-08-19,27.94,27.86,28.28,27.68,277037.0,116.672,116.338,118.092,115.586,26.536,26.46,26.859,26.289
2016-08-22,27.86,27.42,27.86,27.32,258248.0,116.338,114.501,116.338,114.083,26.46,26.042,26.46,25.947
2016-08-23,27.5,27.63,28.08,27.4,276439.0,114.835,115.378,117.257,114.417,26.118,26.241,26.669,26.023
2016-08-24,27.7,27.3,27.79,27.21,228113.0,115.67,114.0,116.046,113.624,26.308,25.928,26.393,25.842
2016-08-25,27.25,27.5,27.73,27.0,229068.0,113.791,114.835,115.795,112.747,25.88,26.118,26.336,25.643
2016-08-26,27.49,27.22,27.73,27.13,200645.0,114.793,113.666,115.795,113.29,26.108,25.852,26.336,25.766
2016-08-29,27.18,27.05,27.33,26.88,215662.0,113.499,112.956,114.125,112.246,25.814,25.691,25.956,25.529
2016-08-30,27.05,26.87,27.2,26.71,244974.0,112.956,112.204,113.582,111.536,25.691,25.52,25.833,25.368
2016-08-31,27.05,27.4,27.68,27.03,367847.0,112.956,114.417,115.586,112.872,25.691,26.023,26.289,25.672
2016-09-01,27.33,27.47,27.62,27.15,252856.0,114.125,114.71,115.336,113.373,25.956,26.089,26.232,25.785
2016-09-02,27.78,27.12,28.07,26.91,373967.0,116.004,113.248,117.215,112.371,26.384,25.757,26.659,25.558
2016-09-05,27.13,27.43,27.54,26.9,287571.0,113.29,114.542,115.002,112.329,25.766,26.051,26.156,25.548
2016-09-06,27.3,27.31,27.44,26.9,305467.0,114.0,114.041,114.584,112.329,25.928,25.937,26.061,25.548
2016-09-07,27.29,27.23,27.38,27.11,192843.0,113.958,113.707,114.334,113.206,25.918,25.861,26.004,25.747
2016-09-08,27.23,27.21,27.45,27.09,201339.0,113.707,113.624,114.626,113.123,25.861,25.842,26.07,25.728
2016-09-09,27.27,27.02,27.27,26.98,181907.0,113.874,112.83,113.874,112.663,25.899,25.662,25.899,25.624
2016-09-12,26.74,26.29,26.74,26.11,359501.0,111.661,109.782,111.661,109.03,25.396,24.969,25.396,24.798
2016-09-13,26.46,26.34,26.55,26.27,164572.0,110.492,109.991,110.868,109.699,25.13,25.016,25.216,24.95
2016-09-14,26.21,25.4,26.21,25.18,397986.0,109.448,106.066,109.448,105.147,24.893,24.123,24.893,23.914
2016-09-19,25.4,26.0,26.25,25.39,265568.0,106.066,108.571,109.615,106.024,24.123,24.693,24.931,24.114
2016-09-20,26.08,25.91,26.08,25.74,99718.0,108.905,108.195,108.905,107.485,24.769,24.608,24.769,24.446
2016-09-21,26.01,25.97,26.05,25.88,92940.0,108.613,108.446,108.78,108.07,24.703,24.665,24.741,24.579
2016-09-22,26.1,26.15,26.33,25.93,220104.0,108.989,109.197,109.949,108.279,24.788,24.836,25.007,24.627
2016-09-23,26.21,26.26,26.36,26.12,132880.0,109.448,109.657,110.074,109.072,24.893,24.94,25.035,24.807
2016-09-26,26.25,26.02,26.31,26.0,115006.0,109.615,108.655,109.866,108.571,24.931,24.712,24.988,24.693
2016-09-27,25.86,26.16,26.2,25.76,107496.0,107.986,109.239,109.406,107.569,24.56,24.845,24.883,24.465
2016-09-28,26.24,26.19,26.4,26.12,112236.0,109.573,109.364,110.241,109.072,24.921,24.874,25.073,24.807
2016-09-29,26.29,26.5,26.55,26.2,122803.0,109.782,110.659,110.868,109.406,24.969,25.168,25.216,24.883
2016-09-30,26.59,27.01,27.17,26.51,204659.0,111.035,112.789,113.457,110.701,25.254,25.653,25.804,25.178
2016-10-10,27.18,26.95,27.2,26.52,259211.0,113.499,112.538,113.582,110.743,25.814,25.596,25.833,25.187
2016-10-11,26.9,27.0,27.14,26.68,220047.0,112.329,112.747,113.332,111.411,25.548,25.643,25.776,25.339
2016-10-12,26.98,26.81,26.98,26.76,121255.0,112.663,111.953,112.663,111.745,25.624,25.463,25.624,25.415
2016-10-13,26.87,26.3,26.87,26.29,225689.0,112.204,109.824,112.204,109.782,25.52,24.978,25.52,24.969
2016-10-14,26.32,26.37,26.52,26.25,173007.0,109.907,110.116,110.743,109.615,24.997,25.045,25.187,24.931
2016-10-17,26.48,26.27,26.53,26.21,140332.0,110.575,109.699,110.784,109.448,25.149,24.95,25.197,24.893
2016-10-18,26.1,26.35,26.36,26.05,227031.0,108.989,110.033,110.074,108.78,24.788,25.026,25.035,24.741
2016-10-19,26.36,26.14,26.39,26.08,153998.0,110.074,109.156,110.2,108.905,25.035,24.826,25.064,24.769
2016-10-20,26.14,26.25,26.34,25.99,155703.0,109.156,109.615,109.991,108.529,24.826,24.931,25.016,24.684
2016-10-21,26.18,26.38,26.53,26.16,230973.0,109.323,110.158,110.784,109.239,24.864,25.054,25.197,24.845
2016-10-24,26.53,26.66,26.75,26.39,346969.0,110.784,111.327,111.703,110.2,25.197,25.32,25.406,25.064
2016-10-25,26.66,26.8,26.88,26.53,290633.0,111.327,111.912,112.246,110.784,25.32,25.453,25.529,25.197
2016-10-26,26.8,26.67,26.85,26.59,183886.0,111.912,111.369,112.121,111.035,25.453,25.33,25.501,25.254
2016-10-27,26.66,26.68,26.7,26.4,124493.0,111.327,111.411,111.494,110.241,25.32,25.339,25.358,25.073
2016-10-28,26.64,26.76,26.83,26.49,207451.0,111.244,111.745,112.037,110.617,25.301,25.415,25.482,25.159
2016-10-31,26.86,27.15,27.19,26.67,419472.0,112.162,113.373,113.54,111.369,25.51,25.785,25.823,25.33
2016-11-01,27.2,27.77,27.91,27.17,408922.0,113.582,115.962,116.547,113.457,25.833,26.374,26.507,25.804
2016-11-02,27.71,27.48,27.71,27.3,234452.0,115.712,114.751,115.712,114.0,26.317,26.099,26.317,25.928
2016-11-03,27.3,27.4,27.69,27.3,157323.0,114.0,114.417,115.628,114.0,25.928,26.023,26.298,25.928
2016-11-04,27.3,26.99,27.56,26.98,201281.0,114.0,112.705,115.085,112.663,25.928,25.634,26.175,25.624
2016-11-07,27.02,26.95,27.1,26.76,142855.0,112.83,112.538,113.164,111.745,25.662,25.596,25.738,25.415
2016-11-08,27.03,27.4,27.6,27.03,185223.0,112.872,114.417,115.252,112.872,25.672,26.023,26.213,25.672
2016-11-09,27.49,27.18,27.49,26.9,210966.0,114.793,113.499,114.793,112.329,26.108,25.814,26.108,25.548
2016-11-10,27.3,27.57,27.74,27.3,227229.0,114.0,115.127,115.837,114.0,25.928,26.184,26.346,25.928
2016-11-11,27.55,27.43,27.7,27.29,191007.0,115.044,114.542,115.67,113.958,26.165,26.051,26.308,25.918
2016-11-14,27.56,27.1,27.63,26.98,328293.0,115.085,113.164,115.378,112.663,26.175,25.738,26.241,25.624
2016-11-15,27.05,27.0,27.09,26.87,237553.0,112.956,112.747,113.123,112.204,25.691,25.643,25.728,25.52
2016-11-16,27.0,26.94,27.07,26.86,113253.0,112.747,112.496,113.039,112.162,25.643,25.586,25.71,25.51
2016-11-17,27.0,27.0,27.18,26.85,168117.0,112.747,112.747,113.499,112.121,25.643,25.643,25.814,25.501
2016-11-18,27.02,27.13,27.22,26.93,149113.0,112.83,113.29,113.666,112.455,25.662,25.766,25.852,25.577
2016-11-21,27.13,27.58,27.78,27.13,352425.0,113.29,115.169,116.004,113.29,25.766,26.194,26.384,25.766
2016-11-22,27.61,27.44,27.78,27.4,170657.0,115.294,114.584,116.004,114.417,26.222,26.061,26.384,26.023
2016-11-23,27.47,28.05,28.2,27.47,456712.0,114.71,117.131,117.758,114.71,26.089,26.64,26.783,26.089
2016-11-24,27.8,28.98,29.5,27.69,775068.0,116.088,121.015,123.186,115.628,26.403,27.524,28.017,26.298
2016-11-25,28.89,29.0,29.3,28.2,358655.0,120.639,121.099,122.351,117.758,27.438,27.542,27.827,26.783
2016-11-28,29.35,30.12,30.49,28.8,801687.0,122.56,125.775,127.32,120.263,27.875,28.606,28.958,27.353
2016-11-29,30.0,31.47,32.25,29.87,1208730.0,125.274,131.413,134.67,124.731,28.492,29.888,30.629,28.369
2016-11-30,31.09,30.28,31.31,30.14,607675.0,129.826,126.444,130.745,125.859,29.527,28.758,29.736,28.625
2016-12-01,31.3,30.85,32.2,30.4,907665.0,130.703,128.824,134.461,126.945,29.727,29.3,30.582,28.872
2016-12-02,31.0,29.87,31.0,29.54,507942.0,129.45,124.731,129.45,123.353,29.442,28.369,29.442,28.055
2016-12-05,28.39,28.62,29.28,28.3,581945.0,118.551,119.512,122.268,118.175,26.963,27.182,27.808,26.878
2016-12-06,28.82,28.87,29.42,28.79,325693.0,120.347,120.556,122.852,120.222,27.372,27.419,27.941,27.343
2016-12-07,28.89,28.89,29.22,28.72,237469.0,120.639,120.639,122.017,119.929,27.438,27.438,27.751,27.277
2016-12-08,29.04,29.11,29.35,28.9,262053.0,121.266,121.558,122.56,120.681,27.58,27.647,27.875,27.448
2016-12-09,29.22,30.18,30.56,29.13,614173.0,122.017,126.026,127.613,121.641,27.751,28.663,29.024,27.666
2016-12-12,29.95,29.29,30.0,29.18,349947.0,125.066,122.309,125.274,121.85,28.445,27.818,28.492,27.713
2016-12-13,29.06,28.8,29.5,28.38,390182.0,121.349,120.263,123.186,118.51,27.599,27.353,28.017,26.954
2016-12-14,28.85,28.4,29.12,28.4,207566.0,120.472,118.593,121.6,118.593,27.4,26.973,27.656,26.973
2016-12-15,28.28,27.83,28.3,27.5,293462.0,118.092,116.213,118.175,114.835,26.859,26.431,26.878,26.118
2016-12-16,27.9,29.2,29.2,27.9,384135.0,116.505,121.934,121.934,116.505,26.498,27.732,27.732,26.498
2016-12-19,29.0,28.85,29.3,28.66,211105.0,121.099,120.472,122.351,119.679,27.542,27.4,27.827,27.22
2016-12-20,28.84,28.23,29.03,28.02,217448.0,120.43,117.883,121.224,117.006,27.391,26.811,27.571,26.612
2016-12-21,28.33,28.38,28.75,28.21,191343.0,118.301,118.51,120.055,117.8,26.906,26.954,27.305,26.792
2016-12-22,28.34,28.38,28.6,28.06,147588.0,118.342,118.51,119.428,117.173,26.916,26.954,27.163,26.65
2016-12-23,28.36,28.13,28.58,28.06,135296.0,118.426,117.466,119.345,117.173,26.935,26.716,27.144,26.65
2016-12-26,28.1,28.31,28.35,27.91,161290.0,117.34,118.217,118.384,116.547,26.688,26.887,26.925,26.507
2016-12-27,28.31,28.3,28.62,28.2,234589.0,118.217,118.175,119.512,117.758,26.887,26.878,27.182,26.783
2016-12-28,28.3,28.07,28.37,27.9,176919.0,118.175,117.215,118.468,116.505,26.878,26.659,26.944,26.498
2016-12-29,28.0,28.02,28.14,27.97,176653.0,116.923,117.006,117.507,116.797,26.593,26.612,26.726,26.564
2016-12-30,28.05,28.17,28.32,27.9,172635.0,117.131,117.633,118.259,116.505,26.64,26.754,26.897,26.498
2017-01-03,28.65,29.12,29.5,28.62,441082.0,119.637,121.6,123.186,119.512,27.21,27.656,28.017,27.182
2017-01-04,29.13,29.83,29.98,29.13,358068.0,121.641,124.564,125.191,121.641,27.666,28.331,28.473,27.666
2017-01-05,29.82,29.69,29.93,29.51,191762.0,124.523,123.98,124.982,123.228,28.321,28.198,28.426,28.027
2017-01-06,29.69,29.39,29.69,29.2,197941.0,123.98,122.727,123.98,121.934,28.198,27.913,28.198,27.732
2017-01-09,29.48,29.25,29.5,28.91,177479.0,123.103,122.142,123.186,120.723,27.998,27.78,28.017,27.457
2017-01-10,29.0,29.18,29.41,29.0,166125.0,121.099,121.85,122.811,121.099,27.542,27.713,27.932,27.542
2017-01-11,29.07,28.6,29.24,28.48,240370.0,121.391,119.428,122.101,118.927,27.609,27.163,27.77,27.049
2017-01-12,28.6,28.2,28.85,28.18,253681.0,119.428,117.758,120.472,117.674,27.163,26.783,27.4,26.764
2017-01-13,28.24,28.22,28.5,28.19,194861.0,117.925,117.841,119.011,117.716,26.821,26.802,27.068,26.773
2017-01-16,28.22,28.25,28.62,27.79,291540.0,117.841,117.967,119.512,116.046,26.802,26.83,27.182,26.393
2017-01-17,28.2,28.91,28.95,28.15,234610.0,117.758,120.723,120.89,117.549,26.783,27.457,27.495,26.735
2017-01-18,28.76,29.14,29.52,28.76,339836.0,120.096,121.683,123.27,120.096,27.315,27.675,28.036,27.315
2017-01-19,29.0,28.77,29.15,28.58,370984.0,121.099,120.138,121.725,119.345,27.542,27.324,27.685,27.144
2017-01-20,28.74,29.22,29.35,28.72,326308.0,120.013,122.017,122.56,119.929,27.296,27.751,27.875,27.277
2017-01-23,29.36,28.96,29.48,28.9,251068.0,122.602,120.931,123.103,120.681,27.884,27.505,27.998,27.448
2017-01-24,28.97,29.1,29.3,28.8,268087.0,120.973,121.516,122.351,120.263,27.514,27.637,27.827,27.353
2017-01-25,29.03,29.4,29.59,28.96,284517.0,121.224,122.769,123.562,120.931,27.571,27.922,28.103,27.505
2017-01-26,29.45,29.9,30.14,29.45,341915.0,122.978,124.857,125.859,122.978,27.97,28.397,28.625,27.97
2017-02-03,29.7,29.9,30.05,29.4,238409.0,124.022,124.857,125.483,122.769,28.207,28.397,28.54,27.922
2017-02-06,29.9,29.99,30.46,29.86,297192.0,124.857,125.233,127.195,124.69,28.397,28.483,28.929,28.359
2017-02-07,30.0,29.65,30.17,29.54,324003.0,125.274,123.813,125.984,123.353,28.492,28.16,28.654,28.055
2017-02-08,29.65,29.88,30.07,29.58,256215.0,123.813,124.773,125.567,123.52,28.16,28.378,28.559,28.093
2017-02-09,29.94,30.02,30.12,29.87,251016.0,125.024,125.358,125.775,124.731,28.435,28.511,28.606,28.369
2017-02-10,30.1,30.12,30.48,29.99,269918.0,125.692,125.775,127.279,125.233,28.587,28.606,28.948,28.483
2017-02-13,30.05,30.91,30.94,30.05,446508.0,125.483,129.074,129.2,125.483,28.54,29.357,29.385,28.54
2017-02-14,31.0,30.69,31.29,30.6,265237.0,129.45,128.156,130.661,127.78,29.442,29.148,29.717,29.062
2017-02-15,30.83,31.06,31.45,30.7,304270.0,128.74,129.701,131.329,128.197,29.281,29.499,29.869,29.157
2017-02-16,31.0,32.03,32.1,30.93,413274.0,129.45,133.751,134.044,129.158,29.442,30.42,30.487,29.375
2017-02-17,32.1,32.25,32.62,31.8,393042.0,134.044,134.67,136.215,132.791,30.487,30.629,30.981,30.202
2017-02-20,32.27,32.58,33.47,32.18,675154.0,134.753,136.048,139.764,134.378,30.648,30.943,31.788,30.563
2017-02-21,32.71,32.45,32.87,32.1,386157.0,136.591,135.505,137.259,134.044,31.066,30.819,31.218,30.487
2017-02-22,32.37,33.05,33.32,32.31,331876.0,135.171,138.011,139.138,134.92,30.743,31.389,31.645,30.686
2017-02-23,33.06,33.1,33.28,32.6,311372.0,138.052,138.219,138.971,136.131,31.398,31.436,31.607,30.962
2017-02-24,32.98,32.37,33.02,32.18,338842.0,137.718,135.171,137.885,134.378,31.322,30.743,31.36,30.563
2017-02-27,32.38,31.61,32.39,31.58,334446.0,135.213,131.997,135.254,131.872,30.753,30.021,30.762,29.993
2017-02-28,31.65,31.86,32.08,31.56,210888.0,132.164,133.041,133.96,131.789,30.059,30.259,30.468,29.974
2017-03-01,31.8,32.03,32.05,31.79,193011.0,132.791,133.751,133.835,132.749,30.202,30.42,30.439,30.192
2017-03-02,32.03,31.49,32.16,31.38,216262.0,133.751,131.496,134.294,131.037,30.42,29.907,30.544,29.803
2017-03-03,31.49,31.72,31.73,31.13,299816.0,131.496,132.457,132.498,129.993,29.907,30.126,30.135,29.565
2017-03-06,31.52,32.89,33.1,31.52,432596.0,131.622,137.342,138.219,131.622,29.936,31.237,31.436,29.936
2017-03-07,32.9,33.01,33.17,32.55,274661.0,137.384,137.844,138.512,135.923,31.246,31.351,31.503,30.914
2017-03-08,33.18,33.28,33.58,32.8,364857.0,138.553,138.971,140.224,136.967,31.512,31.607,31.892,31.152
2017-03-09,33.3,32.92,33.68,32.88,237995.0,139.054,137.468,140.641,137.301,31.626,31.265,31.987,31.227
2017-03-10,32.88,34.22,34.3,32.77,480775.0,137.301,142.896,143.23,136.841,31.227,32.5,32.576,31.123
2017-03-13,34.28,33.9,34.79,33.74,450040.0,143.147,141.56,145.276,140.892,32.557,32.196,33.041,32.044
2017-03-14,33.94,34.02,34.16,33.38,341910.0,141.727,142.061,142.646,139.389,32.234,32.31,32.443,31.702
2017-03-15,33.88,34.42,34.53,33.8,320867.0,141.476,143.731,144.191,141.142,32.177,32.69,32.795,32.101
2017-03-16,34.51,33.98,34.76,33.82,433330.0,144.107,141.894,145.151,141.226,32.776,32.272,33.013,32.12
2017-03-17,33.83,33.41,34.05,33.33,379228.0,141.268,139.514,142.186,139.18,32.13,31.731,32.339,31.655
2017-03-20,33.46,33.48,33.77,33.0,339558.0,139.723,139.806,141.017,137.802,31.778,31.797,32.073,31.341
2017-03-21,33.4,34.31,34.31,33.36,414194.0,139.472,143.272,143.272,139.305,31.721,32.586,32.586,31.683
2017-03-22,34.12,34.36,34.42,33.98,342987.0,142.479,143.481,143.731,141.894,32.405,32.633,32.69,32.272
2017-03-23,34.37,34.75,34.9,34.08,374188.0,143.523,145.109,145.736,142.312,32.643,33.004,33.146,32.367
2017-03-24,34.76,34.92,35.66,34.61,432081.0,145.151,145.819,148.909,144.525,33.013,33.165,33.868,32.871
2017-03-27,34.92,34.15,35.35,34.0,349698.0,145.819,142.604,147.615,141.978,33.165,32.434,33.573,32.291
2017-03-28,34.1,33.95,34.3,33.67,351727.0,142.395,141.769,143.23,140.6,32.386,32.244,32.576,31.978
2017-03-29,33.95,33.8,34.09,33.29,406093.0,141.769,141.142,142.353,139.013,32.244,32.101,32.377,31.617
2017-03-30,33.75,33.13,33.86,32.81,445398.0,140.934,138.345,141.393,137.008,32.054,31.465,32.158,31.161
2017-03-31,33.13,33.3,33.59,32.83,397964.0,138.345,139.054,140.265,137.092,31.465,31.626,31.902,31.18
2017-04-05,33.23,33.19,33.52,32.8,570474.0,138.762,138.595,139.973,136.967,31.56,31.522,31.835,31.152
2017-04-06,33.26,33.89,33.89,33.0,440075.0,138.887,141.518,141.518,137.802,31.588,32.187,32.187,31.341
2017-04-07,33.84,33.65,34.12,33.56,360436.0,141.309,140.516,142.479,140.14,32.139,31.959,32.405,31.873
2017-04-10,33.66,32.9,33.76,32.9,400776.0,140.558,137.384,140.975,137.384,31.968,31.246,32.063,31.246
2017-04-11,32.83,32.4,33.06,31.85,559917.0,137.092,135.296,138.052,133.0,31.18,30.772,31.398,30.249
2017-04-12,32.29,32.4,32.75,32.05,256065.0,134.837,135.296,136.758,133.835,30.667,30.772,31.104,30.439
2017-04-13,32.35,32.96,33.12,32.33,248855.0,135.087,137.635,138.303,135.004,30.724,31.303,31.455,30.705
2017-04-14,32.96,32.64,33.1,32.4,169401.0,137.635,136.298,138.219,135.296,31.303,31.0,31.436,30.772
2017-04-17,32.62,33.18,33.35,32.49,380241.0,136.215,138.553,139.263,135.672,30.981,31.512,31.674,30.857
2017-04-18,33.18,34.08,34.22,33.16,492274.0,138.553,142.312,142.896,138.47,31.512,32.367,32.5,31.493
2017-04-19,33.93,34.23,34.25,33.65,387219.0,141.685,142.938,143.022,140.516,32.225,32.51,32.529,31.959
2017-04-20,34.26,34.5,35.04,34.25,517402.0,143.063,144.065,146.32,143.022,32.538,32.766,33.279,32.529
2017-04-21,34.27,34.23,34.55,33.9,294183.0,143.105,142.938,144.274,141.56,32.548,32.51,32.814,32.196
2017-04-24,34.0,33.12,34.0,33.01,350975.0,141.978,138.303,141.978,137.844,32.291,31.455,32.291,31.351
2017-04-25,33.2,34.24,34.3,33.01,398093.0,138.637,142.98,143.23,137.844,31.531,32.519,32.576,31.351
2017-04-26,34.43,34.3,35.2,34.03,564878.0,143.773,143.23,146.989,142.103,32.7,32.576,33.431,32.32
2017-04-27,34.3,34.04,34.3,33.35,348376.0,143.23,142.145,143.23,139.263,32.576,32.329,32.576,31.674
2017-04-28,34.04,33.66,34.04,32.96,418036.0,142.145,140.558,142.145,137.635,32.329,31.968,32.329,31.303
2017-05-02,33.21,34.92,34.92,33.15,596914.0,138.679,145.819,145.819,138.428,31.541,33.165,33.165,31.484
2017-05-03,34.92,35.19,35.35,34.39,353664.0,145.819,146.947,147.615,143.606,33.165,33.421,33.573,32.662
2017-05-04,35.25,35.3,35.58,35.03,420461.0,147.197,147.406,148.575,146.279,33.478,33.526,33.792,33.269
2017-05-05,35.5,36.15,36.31,35.35,550590.0,148.241,150.956,151.624,147.615,33.716,34.333,34.485,33.573
2017-05-08,36.09,35.68,36.49,35.03,318442.0,150.705,148.993,152.375,146.279,34.276,33.887,34.656,33.269
2017-05-09,35.78,35.3,35.78,34.56,381619.0,149.41,147.406,149.41,144.316,33.982,33.526,33.982,32.823
2017-05-10,34.44,35.15,35.33,34.26,393209.0,148.014,151.066,151.839,147.241,33.662,34.356,34.532,33.486
2017-05-11,34.96,35.82,35.98,34.74,408987.0,150.249,153.945,154.633,149.304,34.17,35.011,35.167,33.955
2017-05-12,35.97,35.75,36.35,35.31,381878.0,154.59,153.644,156.223,151.753,35.157,34.942,35.529,34.512
2017-05-15,35.38,35.31,36.0,35.18,518521.0,152.054,151.753,154.719,151.195,34.58,34.512,35.186,34.385
2017-05-16,34.54,35.32,35.49,34.22,630491.0,148.444,151.796,152.527,147.069,33.759,34.522,34.688,33.447
2017-05-17,35.1,34.37,35.2,34.31,501699.0,150.851,147.713,151.281,147.456,34.307,33.593,34.405,33.535
2017-05-18,34.26,34.48,35.06,34.2,382488.0,147.241,148.186,150.679,146.983,33.486,33.701,34.268,33.427
2017-05-19,34.71,35.54,35.58,34.7,505786.0,149.175,152.742,152.914,149.132,33.926,34.737,34.776,33.916
2017-05-22,35.28,36.21,36.3,35.28,477949.0,151.624,155.621,156.008,151.624,34.483,35.392,35.48,34.483
2017-05-23,36.25,36.32,36.58,35.55,522760.0,155.793,156.094,157.211,152.785,35.431,35.499,35.753,34.747
2017-05-24,36.16,36.11,36.48,35.65,282754.0,155.406,155.192,156.782,153.215,35.343,35.294,35.656,34.844
2017-05-25,35.87,35.33,36.1,35.2,410939.0,154.16,151.839,155.149,151.281,35.059,34.532,35.284,34.405
2017-05-26,35.31,35.67,35.94,35.31,328011.0,151.753,153.301,154.461,151.753,34.512,34.864,35.128,34.512
2017-05-31,35.78,36.12,36.12,35.12,368764.0,153.773,155.235,155.235,150.937,34.971,35.304,35.304,34.326
2017-06-01,36.16,36.5,36.67,36.0,406495.0,155.406,156.868,157.598,154.719,35.343,35.675,35.841,35.186
2017-06-02,36.5,36.39,36.65,35.8,345804.0,156.868,156.395,157.512,153.859,35.675,35.568,35.822,34.991
2017-06-05,36.29,36.39,36.82,36.2,256829.0,155.965,156.395,158.243,155.578,35.47,35.568,35.988,35.382
2017-06-06,36.5,38.0,38.01,36.45,478495.0,156.868,163.314,163.357,156.653,35.675,37.141,37.151,35.626
2017-06-07,38.0,38.7,39.12,37.81,533531.0,163.314,166.323,168.128,162.498,37.141,37.825,38.236,36.956
2017-06-08,38.71,40.25,40.25,38.71,451988.0,166.366,172.984,172.984,166.366,37.835,39.34,39.34,37.835
2017-06-09,40.39,40.3,41.06,39.77,489337.0,173.586,173.199,176.465,170.921,39.477,39.389,40.132,38.871
2017-06-12,40.15,40.46,41.14,39.81,465622.0,172.554,173.887,176.809,171.093,39.243,39.546,40.21,38.91
2017-06-13,40.46,40.16,40.7,39.95,294227.0,173.887,172.597,174.918,171.695,39.546,39.252,39.78,39.047
2017-06-14,40.04,39.1,40.2,38.92,474018.0,172.082,168.042,172.769,167.268,39.135,38.216,39.292,38.04
2017-06-15,39.25,39.7,40.03,39.01,403919.0,168.686,170.62,172.039,167.655,38.363,38.803,39.125,38.128
2017-06-16,39.92,39.06,40.38,38.94,459903.0,171.566,167.87,173.543,167.354,39.018,38.177,39.467,38.06
2017-06-19,39.6,40.34,40.55,39.52,585735.0,170.191,173.371,174.274,169.847,38.705,39.428,39.634,38.627
2017-06-20,40.5,40.88,41.27,40.04,552673.0,174.059,175.692,177.368,172.082,39.585,39.956,40.337,39.135
2017-06-21,41.18,42.79,42.79,40.6,490516.0,176.981,183.9,183.9,174.488,40.249,41.823,41.823,39.682
2017-06-22,42.84,42.5,43.44,42.2,625918.0,184.115,182.654,186.694,181.365,41.872,41.54,42.458,41.246
2017-06-23,42.75,44.48,44.57,42.26,475582.0,183.729,191.164,191.55,181.623,41.784,43.475,43.563,41.305
2017-06-26,44.17,44.25,45.39,44.0,600431.0,189.831,190.175,195.075,189.101,43.172,43.25,44.364,43.006
2017-06-27,44.4,44.0,44.42,43.06,498517.0,190.82,189.101,190.906,185.061,43.397,43.006,43.416,42.087
2017-06-28,43.63,42.78,43.63,42.5,585447.0,187.511,183.857,187.511,182.654,42.644,41.813,42.644,41.54
2017-06-29,42.78,43.16,43.25,42.55,453944.0,183.857,185.491,185.877,182.869,41.813,42.185,42.273,41.588
2017-06-30,43.0,43.04,43.36,42.55,391963.0,184.803,184.975,186.35,182.869,42.028,42.067,42.38,41.588
2017-07-03,42.85,41.8,42.85,41.56,513312.0,184.158,179.646,184.158,178.614,41.882,40.855,41.882,40.621
2017-07-04,41.8,41.5,41.82,40.92,510002.0,179.646,178.356,179.732,175.864,40.855,40.562,40.875,39.995
2017-07-05,41.4,42.94,42.96,41.3,441306.0,177.927,184.545,184.631,177.497,40.464,41.97,41.989,40.367
2017-07-06,42.93,42.6,43.0,41.65,455667.0,184.502,183.084,184.803,179.001,41.96,41.637,42.028,40.709
2017-07-07,42.13,41.63,42.48,41.26,405353.0,181.064,178.915,182.568,177.325,41.178,40.689,41.52,40.328
2017-07-10,41.3,41.37,41.87,41.2,296791.0,177.497,177.798,179.947,177.067,40.367,40.435,40.924,40.269
2017-07-11,41.4,42.95,43.3,41.4,686853.0,177.927,184.588,186.092,177.927,40.464,41.979,42.321,40.464
2017-07-12,42.81,41.7,43.17,41.45,425620.0,183.986,179.216,185.534,178.141,41.843,40.758,42.194,40.513
2017-07-13,41.5,41.99,42.61,41.35,276967.0,178.356,180.462,183.127,177.712,40.562,41.041,41.647,40.416
2017-07-14,41.8,42.17,42.39,41.38,231618.0,179.646,181.236,182.181,177.841,40.855,41.217,41.432,40.445
2017-07-17,42.1,41.66,42.5,40.5,460487.0,180.935,179.044,182.654,174.059,41.149,40.719,41.54,39.585
2017-07-18,41.47,41.0,41.82,40.68,375815.0,178.227,176.207,179.732,174.832,40.533,40.073,40.875,39.761
2017-07-19,41.2,41.22,41.93,40.93,315191.0,177.067,177.153,180.204,175.907,40.269,40.288,40.982,40.005
2017-07-20,41.3,42.25,42.35,40.7,466366.0,177.497,181.58,182.009,174.918,40.367,41.295,41.393,39.78
2017-07-21,42.34,41.9,42.46,41.68,295039.0,181.966,180.075,182.482,179.13,41.383,40.953,41.5,40.738
2017-07-24,41.91,43.42,43.55,41.6,605221.0,180.118,186.608,187.167,178.786,40.963,42.439,42.566,40.66
2017-07-25,43.44,43.42,43.65,42.95,327367.0,186.694,186.608,187.597,184.588,42.458,42.439,42.664,41.979
2017-07-26,43.6,42.34,43.6,41.93,389176.0,187.382,181.966,187.382,180.204,42.615,41.383,42.615,40.982
2017-07-27,42.34,41.2,42.34,40.77,418006.0,181.966,177.067,181.966,175.219,41.383,40.269,41.383,39.849
2017-07-28,41.23,41.4,41.84,41.07,240932.0,177.196,177.927,179.818,176.508,40.298,40.464,40.894,40.142
2017-07-31,41.58,41.2,41.58,40.78,330136.0,178.7,177.067,178.7,175.262,40.64,40.269,40.64,39.858
2017-08-01,41.21,41.19,41.59,40.85,343033.0,177.11,177.024,178.743,175.563,40.279,40.259,40.65,39.927
2017-08-02,41.18,40.8,41.18,40.75,257015.0,176.981,175.348,176.981,175.133,40.249,39.878,40.249,39.829
2017-08-03,40.61,40.08,41.0,39.9,357730.0,174.531,172.254,176.207,171.48,39.692,39.174,40.073,38.998
2017-08-04,40.19,39.45,40.39,39.38,307044.0,172.726,169.546,173.586,169.245,39.282,38.558,39.477,38.49
2017-08-07,39.35,40.29,40.43,38.67,420686.0,169.116,173.156,173.758,166.194,38.461,39.379,39.516,37.796
2017-08-08,40.2,39.98,40.48,39.89,212440.0,172.769,171.824,173.973,171.437,39.292,39.077,39.565,38.989
2017-08-09,40.13,40.8,41.35,39.51,293558.0,172.468,175.348,177.712,169.804,39.223,39.878,40.416,38.617
2017-08-10,40.69,40.85,41.18,40.3,229061.0,174.875,175.563,176.981,173.199,39.77,39.927,40.249,39.389
2017-08-11,40.3,39.64,40.9,39.6,235612.0,173.199,170.363,175.778,170.191,39.389,38.744,39.976,38.705
2017-08-14,39.66,40.12,40.45,39.6,210849.0,170.449,172.425,173.844,170.191,38.764,39.213,39.536,38.705
2017-08-15,40.12,39.77,40.12,39.64,247803.0,172.425,170.921,172.425,170.363,39.213,38.871,39.213,38.744
2017-08-16,39.69,39.05,39.69,38.81,318261.0,170.577,167.827,170.577,166.795,38.793,38.168,38.793,37.933
2017-08-17,39.06,39.32,39.45,38.85,260386.0,167.87,168.987,169.546,166.967,38.177,38.431,38.558,37.972
2017-08-18,38.98,39.13,39.44,38.9,170843.0,167.526,168.171,169.503,167.182,38.099,38.246,38.549,38.021
2017-08-21,39.12,39.71,39.87,38.95,221683.0,168.128,170.663,171.351,167.397,38.236,38.813,38.969,38.07
2017-08-22,39.88,40.45,40.73,39.88,296823.0,171.394,173.844,175.047,171.394,38.979,39.536,39.81,38.979
2017-08-23,40.6,40.81,40.92,40.22,180806.0,174.488,175.391,175.864,172.855,39.682,39.888,39.995,39.311
2017-08-24,40.98,41.52,41.55,40.95,334508.0,176.122,178.442,178.571,175.993,40.054,40.582,40.611,40.025
2017-08-25,41.83,41.9,42.0,41.47,347592.0,179.775,180.075,180.505,178.227,40.885,40.953,41.051,40.533
2017-08-28,42.0,42.27,42.59,41.95,358956.0,180.505,181.666,183.041,180.29,41.051,41.315,41.628,41.002
2017-08-29,42.38,41.7,42.47,41.5,237648.0,182.138,179.216,182.525,178.356,41.422,40.758,41.51,40.562
2017-08-30,41.73,41.98,42.09,41.7,149240.0,179.345,180.419,180.892,179.216,40.787,41.031,41.139,40.758
2017-08-31,41.97,41.0,42.18,40.38,462296.0,180.376,176.207,181.279,173.543,41.022,40.073,41.227,39.467
2017-09-01,41.16,40.84,41.43,40.5,304812.0,176.895,175.52,178.056,174.059,40.23,39.917,40.494,39.585
2017-09-04,40.83,41.36,41.52,40.62,273043.0,175.477,177.755,178.442,174.574,39.907,40.425,40.582,39.702
2017-09-05,41.35,41.41,41.8,40.9,251582.0,177.712,177.97,179.646,175.778,40.416,40.474,40.855,39.976
2017-09-06,41.5,40.97,41.58,40.73,171517.0,178.356,176.079,178.7,175.047,40.562,40.044,40.64,39.81
2017-09-07,40.97,40.97,41.29,40.71,192053.0,176.079,176.079,177.454,174.961,40.044,40.044,40.357,39.79
2017-09-08,40.98,40.99,41.23,40.73,171284.0,176.122,176.165,177.196,175.047,40.054,40.064,40.298,39.81
2017-09-11,41.26,40.31,41.3,40.15,240467.0,177.325,173.242,177.497,172.554,40.328,39.399,40.367,39.243
2017-09-12,40.27,40.22,40.39,39.69,311500.0,173.07,172.855,173.586,170.577,39.36,39.311,39.477,38.793
2017-09-13,40.29,41.19,41.19,40.07,277523.0,173.156,177.024,177.024,172.211,39.379,40.259,40.259,39.164
2017-09-14,41.12,40.9,41.31,40.54,157072.0,176.723,175.778,177.54,174.231,40.191,39.976,40.376,39.624
2017-09-15,40.81,42.03,42.15,40.7,433624.0,175.391,180.634,181.15,174.918,39.888,41.08,41.197,39.78
2017-09-18,42.22,42.03,42.44,41.81,288215.0,181.451,180.634,182.396,179.689,41.266,41.08,41.481,40.865
2017-09-19,41.86,42.0,42.28,41.74,270635.0,179.904,180.505,181.709,179.388,40.914,41.051,41.325,40.797
2017-09-20,42.29,43.29,43.3,42.29,488862.0,181.752,186.049,186.092,181.752,41.334,42.312,42.321,41.334
2017-09-21,43.38,43.1,43.9,42.95,326221.0,186.436,185.233,188.671,184.588,42.4,42.126,42.908,41.979
2017-09-22,43.2,44.1,44.41,43.01,367550.0,185.663,189.53,190.863,184.846,42.224,43.103,43.406,42.038
2017-09-25,44.1,43.09,44.37,42.65,326616.0,189.53,185.19,190.691,183.299,43.103,42.116,43.367,41.686
2017-09-26,43.21,42.68,43.25,42.37,182455.0,185.706,183.428,185.877,182.095,42.234,41.715,42.273,41.412
2017-09-27,42.59,43.81,44.0,42.59,232273.0,183.041,188.284,189.101,183.041,41.628,42.82,43.006,41.628
2017-09-28,43.77,43.43,43.84,42.81,239339.0,188.112,186.651,188.413,183.986,42.781,42.449,42.849,41.843
2017-09-29,43.6,44.19,44.6,43.21,251742.0,187.382,189.917,191.679,185.706,42.615,43.191,43.592,42.234
2017-10-09,44.8,46.47,47.1,44.47,419205.0,192.539,199.716,202.424,191.121,43.788,45.42,46.036,43.465
2017-10-10,46.47,46.66,46.98,45.38,374073.0,199.716,200.533,201.908,195.032,45.42,45.606,45.918,44.354
2017-10-11,46.25,47.1,47.98,46.25,413633.0,198.771,202.424,206.206,198.771,45.205,46.036,46.896,45.205
2017-10-12,47.3,47.68,48.0,46.98,213067.0,203.283,204.916,206.292,201.908,46.231,46.602,46.915,45.918
2017-10-13,47.6,47.68,48.16,47.0,196977.0,204.573,204.916,206.979,201.994,46.524,46.602,47.072,45.938
2017-10-16,47.65,46.84,48.09,46.83,238051.0,204.787,201.306,206.678,201.263,46.573,45.781,47.003,45.772
2017-10-17,46.7,48.15,48.22,46.52,363462.0,200.705,206.936,207.237,199.931,45.645,47.062,47.13,45.469
2017-10-18,48.0,48.73,48.73,47.78,242214.0,206.292,209.429,209.429,205.346,46.915,47.629,47.629,46.7
2017-10-19,48.65,48.63,49.25,48.16,221643.0,209.085,208.999,211.664,206.979,47.551,47.531,48.137,47.072
2017-10-20,48.3,47.64,48.34,47.0,239296.0,207.581,204.745,207.753,201.994,47.208,46.563,47.248,45.938
2017-10-23,47.49,47.63,48.25,47.26,232857.0,204.1,204.702,207.366,203.111,46.417,46.554,47.16,46.192
2017-10-24,47.66,48.59,48.65,47.31,250109.0,204.83,208.827,209.085,203.326,46.583,47.492,47.551,46.241
2017-10-25,48.59,50.4,50.49,48.51,360013.0,208.827,216.606,216.993,208.484,47.492,49.261,49.349,47.414
2017-10-26,50.52,49.96,51.51,49.95,400792.0,217.122,214.715,221.377,214.672,49.378,48.831,50.346,48.821
2017-10-27,50.19,50.72,51.2,49.96,240750.0,215.704,217.982,220.044,214.715,49.056,49.574,50.043,48.831
2017-10-30,51.2,51.76,51.76,49.9,324992.0,220.044,222.451,222.451,214.457,50.043,50.59,50.59,48.772
2017-10-31,51.6,51.0,52.35,50.3,377605.0,221.764,219.185,224.987,216.176,50.434,49.847,51.167,49.163
2017-11-01,51.06,50.61,52.28,50.3,358586.0,219.443,217.509,224.686,216.176,49.906,49.466,51.099,49.163
2017-11-02,50.5,51.24,51.37,50.2,228311.0,217.036,220.216,220.775,215.747,49.359,50.082,50.209,49.066
2017-11-03,51.28,50.65,51.82,50.4,270451.0,220.388,217.681,222.709,216.606,50.121,49.505,50.649,49.261
2017-11-06,50.8,52.69,53.16,50.32,458918.0,218.325,226.448,228.468,216.262,49.652,51.499,51.959,49.183
2017-11-07,52.7,52.75,54.08,51.9,483278.0,226.491,226.706,232.422,223.053,51.509,51.558,52.858,50.727
2017-11-08,52.76,51.48,54.68,50.8,824391.0,226.749,221.248,235.001,218.325,51.568,50.317,53.444,49.652
2017-11-09,51.57,52.6,52.65,50.35,462545.0,221.635,226.061,226.276,216.391,50.405,51.411,51.46,49.212
2017-11-10,52.63,53.4,53.66,52.1,411880.0,226.19,229.499,230.617,223.912,51.441,52.193,52.447,50.923
2017-11-13,53.75,53.71,54.4,53.15,329951.0,231.004,230.832,233.797,228.425,52.535,52.496,53.171,51.949
2017-11-14,53.63,52.31,53.63,51.7,379156.0,230.488,224.815,230.488,222.193,52.418,51.128,52.418,50.532
2017-11-15,51.9,52.28,52.75,51.33,359004.0,223.053,224.686,226.706,220.603,50.727,51.099,51.558,50.17
2017-11-16,52.2,52.88,53.02,51.61,406446.0,224.342,227.265,227.866,221.807,51.02,51.685,51.822,50.444
2017-11-17,52.9,53.65,54.3,52.4,495105.0,227.351,230.574,233.367,225.202,51.705,52.438,53.073,51.216
2017-11-20,53.5,54.62,54.66,52.55,415198.0,229.929,234.743,234.915,225.846,52.291,53.386,53.425,51.362
2017-11-21,54.95,57.66,57.67,54.91,651454.0,236.161,247.808,247.851,235.989,53.708,56.357,56.367,53.669
2017-11-22,57.59,56.43,57.93,55.55,511095.0,247.507,242.522,248.968,238.74,56.289,55.155,56.621,54.295
2017-11-23,56.1,53.44,56.13,53.1,460453.0,241.103,229.671,241.232,228.21,54.832,52.232,54.862,51.9
2017-11-24,53.3,54.1,54.18,51.64,565454.0,229.07,232.508,232.852,221.935,52.095,52.877,52.956,50.473
2017-11-27,53.4,52.64,53.4,51.75,433895.0,229.499,226.233,229.499,222.408,52.193,51.45,52.193,50.58
2017-11-28,52.2,52.59,53.07,51.78,298840.0,224.342,226.018,228.081,222.537,51.02,51.402,51.871,50.61
2017-11-29,52.59,51.1,52.77,50.2,447363.0,226.018,219.615,226.792,215.747,51.402,49.945,51.577,49.066
2017-11-30,50.8,51.18,52.06,50.61,297333.0,218.325,219.959,223.741,217.509,49.652,50.023,50.883,49.466
2017-12-01,51.67,50.58,51.67,50.5,242949.0,222.064,217.38,222.064,217.036,50.502,49.437,50.502,49.359
2017-12-04,50.71,51.5,52.06,50.32,300628.0,217.939,221.334,223.741,216.262,49.564,50.336,50.883,49.183
2017-12-05,51.3,52.18,52.53,51.2,392441.0,220.474,224.256,225.76,220.044,50.141,51.001,51.343,50.043
2017-12-06,52.0,50.95,52.05,50.34,331882.0,223.483,218.97,223.698,216.348,50.825,49.799,50.874,49.202
2017-12-07,50.89,49.13,51.08,49.05,380428.0,218.712,211.148,219.529,210.804,49.74,48.02,49.926,47.942
2017-12-08,49.4,50.43,51.2,49.4,458823.0,212.309,216.735,220.044,212.309,48.284,49.29,50.043,48.284
2017-12-11,50.6,53.62,53.81,50.6,480726.0,217.466,230.445,231.262,217.466,49.456,52.408,52.594,49.456
2017-12-12,53.88,53.3,54.68,53.01,321420.0,231.562,229.07,235.001,227.823,52.662,52.095,53.444,51.812
2017-12-13,53.27,54.9,55.1,53.08,325776.0,228.941,235.946,236.806,228.124,52.066,53.659,53.855,51.88
2017-12-14,55.06,54.5,55.07,53.7,305149.0,236.634,234.227,236.677,230.789,53.816,53.268,53.825,52.486
2017-12-15,54.45,53.7,54.46,53.13,258027.0,234.012,230.789,234.055,228.339,53.219,52.486,53.229,51.929
2017-12-18,53.2,55.32,55.32,53.2,362668.0,228.64,237.751,237.751,228.64,51.998,54.07,54.07,51.998
2017-12-19,54.98,55.44,55.77,54.75,327288.0,236.29,238.267,239.685,235.301,53.738,54.187,54.51,53.513
2017-12-20,55.39,55.07,56.13,54.85,330822.0,238.052,236.677,241.232,235.731,54.138,53.825,54.862,53.61
2017-12-21,55.15,55.94,56.46,55.1,288963.0,237.021,240.416,242.651,236.806,53.904,54.676,55.184,53.855
2017-12-22,55.65,56.58,56.74,55.5,213776.0,239.169,243.166,243.854,238.525,54.392,55.301,55.458,54.246
2017-12-25,56.6,57.87,58.35,56.6,364058.0,243.252,248.71,250.773,243.252,55.321,56.562,57.031,55.321
2017-12-26,57.81,56.3,57.88,55.55,349156.0,248.453,241.963,248.753,238.74,56.504,55.028,56.572,54.295
2017-12-27,56.33,54.39,56.69,54.39,347082.0,242.092,233.754,243.639,233.754,55.057,53.161,55.409,53.161
2017-12-28,54.51,55.55,56.22,53.95,330990.0,234.27,238.74,241.619,231.863,53.278,54.295,54.949,52.731
2017-12-29,55.89,55.43,56.98,54.86,306334.0,240.201,238.224,244.885,235.774,54.627,54.177,55.692,53.62
2018-01-02,56.15,56.38,57.08,56.02,329725.0,241.318,242.307,245.315,240.76,54.881,55.106,55.79,54.754
2018-01-03,56.56,55.8,57.25,55.42,428368.0,243.08,239.814,246.046,238.181,55.282,54.539,55.956,54.168
2018-01-04,56.02,57.29,57.3,55.82,405557.0,240.76,246.218,246.261,239.9,54.754,55.995,56.005,54.559
2018-01-05,57.6,57.96,58.2,56.75,371854.0,247.55,249.097,250.129,243.897,56.298,56.65,56.885,55.467
2018-01-08,57.7,57.66,58.3,56.72,367884.0,247.98,247.808,250.558,243.768,56.396,56.357,56.982,55.438
2018-01-09,57.8,59.48,59.95,57.24,448054.0,248.41,255.63,257.65,246.003,56.494,58.136,58.595,55.946
2018-01-10,59.59,60.56,61.3,58.9,448966.0,256.103,260.271,263.452,253.137,58.243,59.191,59.915,57.569
2018-01-11,60.01,59.62,60.88,58.88,316035.0,257.908,256.231,261.647,253.051,58.654,58.273,59.504,57.549
2018-01-12,59.62,60.8,61.18,59.3,252900.0,256.231,261.303,262.936,254.856,58.273,59.426,59.797,57.96
2018-01-15,61.32,61.16,62.66,61.0,367225.0,263.538,262.85,269.297,262.162,59.934,59.778,61.244,59.621
2018-01-16,61.0,61.09,61.83,60.1,289365.0,262.162,262.549,265.729,258.294,59.621,59.709,60.433,58.742
2018-01-17,61.0,58.75,61.01,58.45,414037.0,262.162,252.492,262.205,251.203,59.621,57.422,59.631,57.129
2018-01-18,59.0,58.95,59.79,58.5,223781.0,253.567,253.352,256.962,251.418,57.667,57.618,58.439,57.178
2018-01-19,58.95,58.17,59.11,57.9,313878.0,253.352,250.0,254.04,248.839,57.618,56.855,57.774,56.592
2018-01-22,58.58,61.43,61.54,58.58,458501.0,251.762,264.01,264.483,251.762,57.256,60.042,60.149,57.256
2018-01-23,61.38,62.12,62.64,60.23,386472.0,263.795,266.976,269.211,258.853,59.993,60.716,61.224,58.869
2018-01-24,62.39,60.41,62.65,60.2,326126.0,268.136,259.627,269.254,258.724,60.98,59.045,61.234,58.84
2018-01-25,60.8,61.3,61.42,59.0,282564.0,261.303,263.452,263.967,253.567,59.426,59.915,60.032,57.667
2018-01-26,61.3,62.0,62.69,60.53,333516.0,263.452,266.46,269.426,260.142,59.915,60.599,61.273,59.162
2018-01-29,61.97,59.87,62.18,58.9,467085.0,266.331,257.306,267.234,253.137,60.57,58.517,60.775,57.569
2018-01-30,59.42,58.76,60.68,58.5,309516.0,255.372,252.535,260.787,251.418,58.077,57.432,59.309,57.178
2018-01-31,58.33,59.82,60.42,58.2,254072.0,250.687,257.091,259.67,250.129,57.012,58.468,59.055,56.885
2018-02-01,60.0,59.34,60.1,58.14,380031.0,257.865,255.028,258.294,249.871,58.644,57.999,58.742,56.826
2018-02-02,58.95,59.9,60.09,58.4,224897.0,253.352,257.435,258.251,250.988,57.618,58.546,58.732,57.08
2018-02-05,58.91,57.32,59.54,56.5,554639.0,253.18,246.347,255.888,242.823,57.579,56.025,58.194,55.223
2018-02-06,55.7,55.5,55.81,53.82,880342.0,239.384,238.525,239.857,231.305,54.441,54.246,54.549,52.604
2018-02-07,56.4,52.79,56.58,52.71,533538.0,242.393,226.878,243.166,226.534,55.125,51.597,55.301,51.519
2018-02-08,52.6,53.77,54.44,52.51,439782.0,226.061,231.09,233.969,225.675,51.411,52.555,53.21,51.323
2018-02-09,51.95,51.98,52.45,50.15,603648.0,223.268,223.397,225.417,215.532,50.776,50.805,51.265,49.017
2018-02-12,51.98,54.42,54.88,51.97,374561.0,223.397,233.883,235.86,223.354,50.805,53.19,53.64,50.796
2018-02-13,55.04,55.31,56.5,54.68,258920.0,236.548,237.708,242.823,235.001,53.796,54.06,55.223,53.444
2018-02-14,55.61,56.92,57.1,54.72,219574.0,238.998,244.628,245.401,235.173,54.353,55.634,55.81,53.483
2018-02-22,58.3,58.14,58.52,57.2,251527.0,250.558,249.871,251.504,245.831,56.982,56.826,57.197,55.907
2018-02-23,58.45,57.55,58.48,56.9,180501.0,251.203,247.335,251.332,244.542,57.129,56.249,57.158,55.614
2018-02-26,57.58,57.7,58.29,57.0,246266.0,247.464,247.98,250.515,244.971,56.279,56.396,56.973,55.712
2018-02-27,57.79,54.6,57.79,54.58,478853.0,248.367,234.657,248.367,234.571,56.484,53.366,56.484,53.347
2018-02-28,54.35,54.95,55.8,53.7,318721.0,233.582,236.161,239.814,230.789,53.122,53.708,54.539,52.486
2018-03-01,54.99,55.6,56.49,54.82,237900.0,236.333,238.955,242.78,235.602,53.747,54.343,55.213,53.581
2018-03-02,54.86,56.22,57.68,54.77,364903.0,235.774,241.619,247.894,235.387,53.62,54.949,56.376,53.532
2018-03-05,56.11,56.02,56.55,55.52,204171.0,241.146,240.76,243.037,238.611,54.842,54.754,55.272,54.265
2018-03-06,56.53,56.2,56.69,54.9,195030.0,242.951,241.533,243.639,235.946,55.252,54.93,55.409,53.659
2018-03-07,56.26,56.26,57.16,55.83,208925.0,241.791,241.791,245.659,239.943,54.989,54.989,55.868,54.568
2018-03-08,56.87,59.17,59.2,56.4,380518.0,244.413,254.297,254.426,242.393,55.585,57.833,57.862,55.125
2018-03-09,59.47,59.91,60.39,58.73,394729.0,255.587,257.478,259.541,252.406,58.126,58.556,59.025,57.403
2018-03-12,60.98,60.73,62.54,60.35,461325.0,262.076,261.002,268.781,259.369,59.602,59.358,61.127,58.986
2018-03-13,60.7,61.06,62.19,60.26,377823.0,260.873,262.42,267.277,258.982,59.328,59.68,60.785,58.898
2018-03-14,60.7,60.4,61.63,59.95,272072.0,260.873,259.584,264.87,257.65,59.328,59.035,60.237,58.595
2018-03-15,59.9,61.41,61.9,59.8,266963.0,257.435,263.924,266.03,257.005,58.546,60.022,60.501,58.449
2018-03-16,61.1,59.69,61.43,59.5,258105.0,262.592,256.532,264.01,255.716,59.719,58.341,60.042,58.155
2018-03-19,59.69,59.57,60.28,59.0,211597.0,256.532,256.017,259.068,253.567,58.341,58.224,58.918,57.667
2018-03-20,59.11,59.34,59.63,58.3,177637.0,254.04,255.028,256.274,250.558,57.774,57.999,58.282,56.982
2018-03-21,59.63,58.28,59.96,58.28,197251.0,256.274,250.472,257.693,250.472,58.282,56.963,58.605,56.963
2018-03-22,58.88,56.9,58.9,56.36,329378.0,253.051,244.542,253.137,242.221,57.549,55.614,57.569,55.086
2018-03-23,54.7,56.24,56.45,53.73,641627.0,235.087,241.705,242.608,230.918,53.464,54.969,55.174,52.516
2018-03-26,55.5,55.27,55.98,54.1,373098.0,238.525,237.536,240.588,232.508,54.246,54.021,54.715,52.877
2018-03-27,56.17,54.61,56.38,54.11,471063.0,241.404,234.7,242.307,232.551,54.901,53.376,55.106,52.887
2018-03-28,53.49,53.12,54.0,52.01,544504.0,229.886,228.296,232.078,223.526,52.281,51.92,52.78,50.835
2018-03-29,53.42,55.3,55.78,52.3,385947.0,229.585,237.665,239.728,224.772,52.213,54.05,54.519,51.118
2018-03-30,55.0,54.53,55.36,54.36,308814.0,236.376,234.356,237.923,233.625,53.757,53.298,54.109,53.132
2018-04-02,53.3,52.84,55.0,52.68,417151.0,229.07,227.093,236.376,226.405,52.095,51.646,53.757,51.489
2018-04-03,52.69,52.52,53.63,52.18,311895.0,226.448,225.717,230.488,224.256,51.499,51.333,52.418,51.001
2018-04-04,52.82,53.01,54.1,52.06,371528.0,227.007,227.823,232.508,223.741,51.626,51.812,52.877,50.883
2018-04-09,52.91,51.3,53.31,51.0,427970.0,227.394,220.474,229.113,219.185,51.714,50.141,52.105,49.847
2018-04-10,51.45,52.77,52.8,51.18,354240.0,221.119,226.792,226.921,219.959,50.287,51.577,51.607,50.023
2018-04-11,52.78,52.98,53.63,52.41,467614.0,226.835,227.694,230.488,225.245,51.587,51.783,52.418,51.226
2018-04-12,52.91,51.87,52.94,51.84,252074.0,227.394,222.924,227.523,222.795,51.714,50.698,51.744,50.668
2018-04-13,52.4,51.32,52.47,51.01,240215.0,225.202,220.56,225.503,219.228,51.216,50.16,51.284,49.857
2018-04-16,51.31,49.79,51.8,49.15,444709.0,220.517,213.985,222.623,211.234,50.15,48.665,50.629,48.039
2018-04-17,49.74,49.89,50.55,48.59,313437.0,213.77,214.414,217.251,208.827,48.616,48.763,49.408,47.492
2018-04-18,50.6,48.73,50.63,47.95,416079.0,217.466,209.429,217.595,206.077,49.456,47.629,49.486,46.866
2018-04-19,49.33,51.57,51.57,49.0,433660.0,212.008,221.635,221.635,210.589,48.215,50.405,50.405,47.893
2018-04-20,51.79,51.4,53.0,50.95,430416.0,222.58,220.904,227.78,218.97,50.62,50.238,51.802,49.799
2018-04-23,51.9,52.05,52.88,51.0,289044.0,223.053,223.698,227.265,219.185,50.727,50.874,51.685,49.847
2018-04-24,52.37,53.55,53.87,52.37,373871.0,225.073,230.144,231.519,225.073,51.186,52.34,52.653,51.186
2018-04-25,53.45,52.62,53.66,51.9,363801.0,229.714,226.147,230.617,223.053,52.242,51.431,52.447,50.727
2018-04-26,51.68,51.4,52.33,50.89,331102.0,222.107,220.904,224.901,218.712,50.512,50.238,51.147,49.74
2018-04-27,52.42,51.68,52.42,50.55,403465.0,225.288,222.107,225.288,217.251,51.235,50.512,51.235,49.408
2018-05-02,51.23,51.35,52.11,50.44,306862.0,220.173,220.689,223.955,216.778,50.072,50.19,50.932,49.3
2018-05-03,51.15,53.2,53.25,50.83,307890.0,219.83,228.64,228.855,218.454,49.994,51.998,52.047,49.681
2018-05-04,52.14,51.1,52.72,50.95,302842.0,229.261,224.688,231.811,224.028,52.14,51.1,52.72,50.95
2018-05-07,51.39,52.4,52.51,50.95,290619.0,225.963,230.404,230.888,224.028,51.39,52.4,52.51,50.95
2018-05-08,52.43,53.9,54.37,52.42,422795.0,230.536,236.999,239.066,230.492,52.43,53.9,54.37,52.42
2018-05-09,53.51,53.95,54.1,53.46,174054.0,235.285,237.219,237.879,235.065,53.51,53.95,54.1,53.46
2018-05-10,54.3,54.38,54.63,53.9,221495.0,238.758,239.11,240.209,236.999,54.3,54.38,54.63,53.9
2018-05-11,54.8,53.75,54.88,53.56,170190.0,240.957,236.34,241.309,235.504,54.8,53.75,54.88,53.56
2018-05-14,53.99,55.24,55.43,53.8,323949.0,237.395,242.891,243.727,236.56,53.99,55.24,55.43,53.8
2018-05-15,55.53,55.22,55.85,54.65,282097.0,244.167,242.804,245.574,240.297,55.53,55.22,55.85,54.65
2018-05-16,54.89,54.4,55.12,54.01,243427.0,241.352,239.198,242.364,237.483,54.89,54.4,55.12,54.01
2018-05-17,54.2,53.12,54.3,53.02,228996.0,238.319,233.57,238.758,233.13,54.2,53.12,54.3,53.02
2018-05-18,53.28,53.89,53.97,52.41,244458.0,234.273,236.955,237.307,230.448,53.28,53.89,53.97,52.41
2018-05-21,54.38,53.95,54.55,53.51,179497.0,239.11,237.219,239.858,235.285,54.38,53.95,54.55,53.51
2018-05-22,53.9,52.63,53.9,52.0,351262.0,236.999,231.415,236.999,228.645,53.9,52.63,53.9,52.0
2018-05-23,52.5,51.8,52.5,51.73,221088.0,230.844,227.766,230.844,227.458,52.5,51.8,52.5,51.73
2018-05-24,51.79,50.9,51.98,50.65,222461.0,227.722,223.808,228.557,222.709,51.79,50.9,51.98,50.65
2018-05-25,50.8,50.59,51.43,50.3,261596.0,223.369,222.445,226.139,221.17,50.8,50.59,51.43,50.3
2018-05-28,50.9,51.94,52.23,50.3,277886.0,223.808,228.381,229.656,221.17,50.9,51.94,52.23,50.3
2018-05-29,51.5,51.49,52.19,51.26,216606.0,226.447,226.403,229.481,225.391,51.5,51.49,52.19,51.26
2018-05-30,50.25,50.71,51.42,49.88,269194.0,220.95,222.973,226.095,219.323,50.25,50.71,51.42,49.88
2018-05-31,51.05,52.91,53.25,50.9,488366.0,224.468,232.646,234.141,223.808,51.05,52.91,53.25,50.9
2018-06-01,52.5,52.15,52.88,51.94,244886.0,230.844,229.305,232.514,228.381,52.5,52.15,52.88,51.94
2018-06-04,52.9,53.99,54.3,52.72,487208.0,232.602,237.395,238.758,231.811,52.9,53.99,54.3,52.72
2018-06-05,54.8,54.97,55.1,53.72,413210.0,240.957,241.704,242.276,236.208,54.8,54.97,55.1,53.72
2018-06-06,55.27,54.74,55.44,54.41,260084.0,243.023,240.693,243.771,239.242,55.27,54.74,55.44,54.41
2018-06-07,55.07,54.3,55.31,54.05,264889.0,242.144,238.758,243.199,237.659,55.07,54.3,55.31,54.05
2018-06-08,54.13,54.66,55.2,54.02,363711.0,238.011,240.341,242.716,237.527,54.13,54.66,55.2,54.02
2018-06-11,54.66,56.32,56.65,54.62,581583.0,240.341,247.64,249.091,240.165,54.66,56.32,56.65,54.62
2018-06-12,56.33,57.19,57.75,55.89,585180.0,247.684,251.466,253.928,245.75,56.33,57.19,57.75,55.89
2018-06-13,57.39,56.99,58.05,56.79,360546.0,252.345,250.586,255.247,249.707,57.39,56.99,58.05,56.79
2018-06-14,57.2,55.78,57.43,55.41,354846.0,251.51,245.266,252.521,243.639,57.2,55.78,57.43,55.41
2018-06-15,55.92,56.28,56.95,55.6,310752.0,245.881,247.464,250.41,244.474,55.92,56.28,56.95,55.6
2018-06-19,55.1,54.62,56.0,53.78,591142.0,242.276,240.165,246.233,236.472,55.1,54.62,56.0,53.78
2018-06-20,54.62,55.16,55.77,54.16,296507.0,240.165,242.54,245.222,238.143,54.62,55.16,55.77,54.16
2018-06-21,55.5,54.22,56.05,54.2,307448.0,244.035,238.406,246.453,238.319,55.5,54.22,56.05,54.2
2018-06-22,53.68,53.65,53.68,52.34,358578.0,236.032,235.9,236.032,230.14,53.68,53.65,53.68,52.34
2018-06-25,53.7,52.9,54.14,52.86,272065.0,236.12,232.602,238.055,232.427,53.7,52.9,54.14,52.86
2018-06-26,52.05,52.33,53.0,51.76,302757.0,228.865,230.096,233.042,227.59,52.05,52.33,53.0,51.76
2018-06-27,52.42,50.48,53.07,50.48,426516.0,230.492,221.962,233.35,221.962,52.42,50.48,53.07,50.48
2018-06-28,50.05,50.1,51.22,49.51,361035.0,220.071,220.291,225.215,217.697,50.05,50.1,51.22,49.51
2018-06-29,50.6,52.22,52.4,50.11,291304.0,222.489,229.612,230.404,220.335,50.6,52.22,52.4,50.11
2018-07-02,51.91,48.68,51.91,48.0,571711.0,228.249,214.047,228.249,211.057,51.91,48.68,51.91,48.0
2018-07-03,48.7,47.76,49.1,45.38,781290.0,214.135,210.002,215.894,199.537,48.7,47.76,49.1,45.38
2018-07-04,47.76,45.11,47.87,45.0,596231.0,210.002,198.35,210.485,197.866,47.76,45.11,47.87,45.0
2018-07-05,46.49,46.05,47.3,45.84,637796.0,204.418,202.483,207.979,201.559,46.49,46.05,47.3,45.84
2018-07-06,46.58,47.4,47.98,45.8,485874.0,204.813,208.419,210.969,201.384,46.58,47.4,47.98,45.8
2018-07-09,47.89,49.05,49.1,47.4,365841.0,210.573,215.674,215.894,208.419,47.89,49.05,49.1,47.4
2018-07-10,49.2,48.5,49.35,47.43,424378.0,216.333,213.256,216.993,208.551,49.2,48.5,49.35,47.43
2018-07-11,46.71,47.2,47.67,46.47,363145.0,205.385,207.539,209.606,204.33,46.71,47.2,47.67,46.47
2018-07-12,47.15,47.83,48.5,47.1,432000.0,207.32,210.31,213.256,207.1,47.15,47.83,48.5,47.1
2018-07-13,47.9,47.84,48.2,47.5,324004.0,210.617,210.354,211.936,208.859,47.9,47.84,48.2,47.5
2018-07-16,48.29,47.38,48.84,47.06,334770.0,212.332,208.331,214.751,206.924,48.29,47.38,48.84,47.06
2018-07-17,47.37,46.47,47.38,46.02,396087.0,208.287,204.33,208.331,202.351,47.37,46.47,47.38,46.02
2018-07-18,46.7,45.9,47.12,45.88,342872.0,205.341,201.823,207.188,201.735,46.7,45.9,47.12,45.88
2018-07-19,46.31,46.35,46.6,45.75,253851.0,203.626,203.802,204.901,201.164,46.31,46.35,46.6,45.75
2018-07-20,46.25,46.57,46.9,45.23,500602.0,203.362,204.769,206.22,198.877,46.25,46.57,46.9,45.23
2018-07-23,46.38,46.58,46.59,45.69,357409.0,203.934,204.813,204.857,200.9,46.38,46.58,46.59,45.69
2018-07-24,47.0,48.38,48.56,47.0,719360.0,206.66,212.728,213.519,206.66,47.0,48.38,48.56,47.0
2018-07-25,48.64,47.68,48.65,47.55,396208.0,213.871,209.65,213.915,209.078,48.64,47.68,48.65,47.55
2018-07-26,47.8,47.84,48.46,47.67,437171.0,210.178,210.354,213.08,209.606,47.8,47.84,48.46,47.67
2018-07-27,48.13,47.19,48.13,47.12,272495.0,211.629,207.495,211.629,207.188,48.13,47.19,48.13,47.12
2018-07-30,47.4,47.46,47.68,47.0,264605.0,208.419,208.683,209.65,206.66,47.4,47.46,47.68,47.0
2018-07-31,47.25,47.61,47.75,47.01,279849.0,207.759,209.342,209.958,206.704,47.25,47.61,47.75,47.01
2018-08-01,47.9,46.28,48.1,46.2,322612.0,210.617,203.494,211.497,203.142,47.9,46.28,48.1,46.2
2018-08-02,46.1,44.08,46.1,43.88,660723.0,202.703,193.821,202.703,192.941,46.1,44.08,46.1,43.88
2018-08-03,43.99,41.88,44.0,41.41,701016.0,193.425,184.147,193.469,182.081,43.99,41.88,44.0,41.41
2018-08-06,42.01,42.3,42.97,41.8,506085.0,184.719,185.994,188.94,183.796,42.01,42.3,42.97,41.8
2018-08-07,42.94,44.66,44.74,42.5,498708.0,188.808,196.371,196.723,186.873,42.94,44.66,44.74,42.5
2018-08-08,44.89,44.15,44.89,43.92,438697.0,197.382,194.128,197.382,193.117,44.89,44.15,44.89,43.92
2018-08-09,44.06,45.14,45.81,43.5,360492.0,193.733,198.482,201.428,191.27,44.06,45.14,45.81,43.5
2018-08-10,45.0,44.98,45.73,44.77,280014.0,197.866,197.778,201.076,196.855,45.0,44.98,45.73,44.77
2018-08-13,44.6,44.59,44.85,43.8,225568.0,196.107,196.063,197.206,192.59,44.6,44.59,44.85,43.8
2018-08-14,44.67,43.65,44.67,43.45,289261.0,196.415,191.93,196.415,191.051,44.67,43.65,44.67,43.45
2018-08-15,43.59,42.02,43.59,41.89,414659.0,191.666,184.763,191.666,184.191,43.59,42.02,43.59,41.89
2018-08-16,41.17,42.32,42.9,41.07,322171.0,181.025,186.082,188.632,180.586,41.17,42.32,42.9,41.07
2018-08-17,42.64,41.12,42.92,41.02,315827.0,187.489,180.806,188.72,180.366,42.64,41.12,42.92,41.02
2018-08-20,41.12,41.7,41.7,40.51,299793.0,180.806,183.356,183.356,178.123,41.12,41.7,41.7,40.51
2018-08-21,42.0,42.56,42.84,41.57,372067.0,184.675,187.137,188.368,182.784,42.0,42.56,42.84,41.57
2018-08-22,42.3,41.71,42.5,41.51,214734.0,185.994,183.4,186.873,182.52,42.3,41.71,42.5,41.51
2018-08-23,41.4,41.22,42.05,40.59,337595.0,182.037,181.245,184.895,178.475,41.4,41.22,42.05,40.59
2018-08-24,41.0,41.38,41.77,40.86,230574.0,180.278,181.949,183.664,179.662,41.0,41.38,41.77,40.86
2018-08-27,41.85,42.91,42.96,41.7,380328.0,184.015,188.676,188.896,183.356,41.85,42.91,42.96,41.7
2018-08-28,43.18,43.31,43.9,42.91,331742.0,189.863,190.435,193.029,188.676,43.18,43.31,43.9,42.91
2018-08-29,43.0,42.51,43.26,42.25,240468.0,189.072,186.917,190.215,185.774,43.0,42.51,43.26,42.25
2018-08-30,42.44,41.8,42.89,41.74,259554.0,186.61,183.796,188.588,183.532,42.44,41.8,42.89,41.74
2018-08-31,41.8,41.6,41.82,40.6,391383.0,183.796,182.916,183.883,178.519,41.8,41.6,41.82,40.6
2018-09-03,41.49,41.73,41.85,40.89,222964.0,182.432,183.488,184.015,179.794,41.49,41.73,41.85,40.89
2018-09-04,42.0,42.28,42.48,41.15,244930.0,184.675,185.906,186.785,180.937,42.0,42.28,42.48,41.15
2018-09-05,41.86,41.0,42.0,41.0,236704.0,184.059,180.278,184.675,180.278,41.86,41.0,42.0,41.0
2018-09-06,40.85,40.34,41.42,40.27,263660.0,179.618,177.376,182.125,177.068,40.85,40.34,41.42,40.27
2018-09-07,40.55,40.3,41.2,39.96,203971.0,178.299,177.2,181.157,175.705,40.55,40.3,41.2,39.96
2018-10-29,37.1,36.27,37.88,36.27,981222.0,163.13,159.48,166.559,159.48,37.1,36.27,37.88,36.27
2018-10-30,34.1,36.33,36.77,34.1,655908.0,149.938,159.744,161.678,149.938,34.1,36.33,36.77,34.1
2018-10-31,35.86,37.04,37.08,35.56,478648.0,157.677,162.866,163.042,156.358,35.86,37.04,37.08,35.56
2018-11-01,37.86,38.62,39.32,37.8,497782.0,166.471,169.813,172.891,166.207,37.86,38.62,39.32,37.8
2018-11-02,40.91,40.98,41.6,39.99,746070.0,179.882,180.19,182.916,175.837,40.91,40.98,41.6,39.99
2018-11-05,40.81,41.28,41.36,40.63,341637.0,179.442,181.509,181.861,178.651,40.81,41.28,41.36,40.63
2018-11-06,40.8,40.18,41.1,39.94,334237.0,179.398,176.672,180.718,175.617,40.8,40.18,41.1,39.94
2018-11-07,40.18,40.78,41.28,39.72,348613.0,176.672,179.311,181.509,174.65,40.18,40.78,41.28,39.72
2018-11-08,41.29,40.63,41.43,40.5,264456.0,181.553,178.651,182.169,178.079,41.29,40.63,41.43,40.5
2018-11-09,40.21,39.77,40.51,39.7,240564.0,176.804,174.87,178.123,174.562,40.21,39.77,40.51,39.7
2018-11-12,39.77,40.14,40.31,39.01,213280.0,174.87,176.496,177.244,171.528,39.77,40.14,40.31,39.01
2018-11-13,39.5,41.3,41.41,39.3,339184.0,173.682,181.597,182.081,172.803,39.5,41.3,41.41,39.3
2018-11-14,41.35,40.85,41.37,40.75,181787.0,181.817,179.618,181.905,179.179,41.35,40.85,41.37,40.75
2018-11-15,40.6,41.11,41.24,40.51,172245.0,178.519,180.762,181.333,178.123,40.6,41.11,41.24,40.51
2018-11-16,41.11,42.0,42.54,40.9,303139.0,180.762,184.675,187.049,179.838,41.11,42.0,42.54,40.9
2018-11-19,41.9,42.3,42.5,41.25,207206.0,184.235,185.994,186.873,181.377,41.9,42.3,42.5,41.25
2018-11-20,41.9,40.8,42.26,40.3,277524.0,184.235,179.398,185.818,177.2,41.9,40.8,42.26,40.3
2018-11-21,40.1,40.32,41.08,40.06,232200.0,176.321,177.288,180.63,176.145,40.1,40.32,41.08,40.06
2018-11-22,40.76,40.63,40.96,40.1,182187.0,179.223,178.651,180.102,176.321,40.76,40.63,40.96,40.1
2018-11-23,40.41,39.88,41.02,39.81,220764.0,177.684,175.353,180.366,175.045,40.41,39.88,41.02,39.81
2018-11-26,39.6,40.02,40.26,39.5,136401.0,174.122,175.969,177.024,173.682,39.6,40.02,40.26,39.5
2018-11-27,40.1,39.66,40.48,39.35,163032.0,176.321,174.386,177.991,173.023,40.1,39.66,40.48,39.35
2018-11-28,39.25,40.02,40.28,39.25,150968.0,172.583,175.969,177.112,172.583,39.25,40.02,40.28,39.25
2018-11-29,40.3,38.8,40.37,38.73,249550.0,177.2,170.604,177.508,170.297,40.3,38.8,40.37,38.73
2018-11-30,38.9,38.69,39.06,38.28,216093.0,171.044,170.121,171.748,168.318,38.9,38.69,39.06,38.28
2018-12-03,40.0,40.83,41.0,39.73,526391.0,175.881,179.53,180.278,174.694,40.0,40.83,41.0,39.73
2018-12-04,40.23,40.54,40.78,40.23,213906.0,176.892,178.255,179.311,176.892,40.23,40.54,40.78,40.23
2018-12-05,40.0,40.0,40.3,39.81,191928.0,175.881,175.881,177.2,175.045,40.0,40.0,40.3,39.81
2018-12-06,39.21,38.96,39.72,38.88,212691.0,172.407,171.308,174.65,170.956,39.21,38.96,39.72,38.88
2018-12-07,39.01,38.48,39.19,38.25,226660.0,171.528,169.197,172.319,168.186,39.01,38.48,39.19,38.25
2018-12-10,38.0,37.06,38.15,36.71,346568.0,167.087,162.954,167.746,161.415,38.0,37.06,38.15,36.71
2018-12-11,36.85,37.04,37.26,36.46,270876.0,162.03,162.866,163.833,160.315,36.85,37.04,37.26,36.46
2018-12-12,37.47,37.74,38.01,37.16,262125.0,164.756,165.944,167.131,163.393,37.47,37.74,38.01,37.16
2018-12-13,38.0,40.12,40.35,37.89,738130.0,167.087,176.409,177.42,166.603,38.0,40.12,40.35,37.89
2018-12-14,39.8,39.75,40.21,39.5,324829.0,175.001,174.782,176.804,173.682,39.8,39.75,40.21,39.5
2018-12-17,39.97,39.46,40.17,39.06,302754.0,175.749,173.506,176.628,171.748,39.97,39.46,40.17,39.06
2018-12-18,39.15,38.81,39.52,38.52,328061.0,172.143,170.648,173.77,169.373,39.15,38.81,39.52,38.52
